,Survived,Pclass,Sex,Age,SibSp,Parch,Fare,Embarked,Title,Total_Membors,FamilySize,IsAlone,relatives,Age*Class,FarePerMember,Age_Band,AgeOneHot,FareBand,FareOnehot
0,0,3,0,22,1,0,7,0,1,3,2,0,1,66,2,"(16.336, 32.252]",1,"(-0.512, 128.082]",0
1,1,1,1,38,1,0,71,1,3,6,2,0,1,38,11,"(32.252, 48.168]",2,"(-0.512, 128.082]",3
2,1,3,1,26,0,0,7,0,2,2,1,1,0,78,3,"(16.336, 32.252]",1,"(-0.512, 128.082]",0
3,1,1,1,35,1,0,53,0,3,6,2,0,1,35,8,"(32.252, 48.168]",2,"(-0.512, 128.082]",3
4,0,3,0,35,0,0,8,0,1,3,1,1,0,105,2,"(32.252, 48.168]",2,"(-0.512, 128.082]",1
5,0,3,0,27,0,0,8,2,1,2,1,1,0,79,4,,1,"(-0.512, 128.082]",1
6,0,1,0,54,0,0,51,0,1,3,1,1,0,54,17,"(48.168, 64.084]",3,"(-0.512, 128.082]",3
7,0,3,0,2,3,1,21,0,4,3,5,0,4,6,7,"(0.34, 16.336]",0,"(-0.512, 128.082]",2
8,1,3,1,27,0,2,11,0,3,6,3,0,2,81,1,"(16.336, 32.252]",1,"(-0.512, 128.082]",1
9,1,2,1,14,1,0,30,1,3,4,2,0,1,28,7,"(0.34, 16.336]",0,"(-0.512, 128.082]",2
10,1,3,1,4,1,1,16,0,2,3,3,0,2,12,5,"(0.34, 16.336]",0,"(-0.512, 128.082]",2
11,1,1,1,58,0,0,26,0,2,2,1,1,0,58,13,"(48.168, 64.084]",3,"(-0.512, 128.082]",2
12,0,3,0,20,0,0,8,0,1,3,1,1,0,60,2,"(16.336, 32.252]",1,"(-0.512, 128.082]",1
13,0,3,0,39,1,5,31,0,1,3,7,0,6,117,10,"(32.252, 48.168]",2,"(-0.512, 128.082]",2
14,0,3,1,14,0,0,7,0,2,4,1,1,0,42,1,"(0.34, 16.336]",0,"(-0.512, 128.082]",0
15,1,2,1,55,0,0,16,0,3,4,1,1,0,110,4,"(48.168, 64.084]",3,"(-0.512, 128.082]",2
16,0,3,0,2,4,1,29,2,4,2,6,0,5,6,14,"(0.34, 16.336]",0,"(-0.512, 128.082]",2
17,1,2,0,31,0,0,13,0,1,3,1,1,0,58,4,,1,"(-0.512, 128.082]",1
18,0,3,1,31,1,0,18,0,3,6,2,0,1,93,3,"(16.336, 32.252]",1,"(-0.512, 128.082]",2
19,1,3,1,20,0,0,7,1,3,2,1,1,0,65,3,,1,"(-0.512, 128.082]",0
20,0,2,0,35,0,0,26,0,1,3,1,1,0,70,8,"(32.252, 48.168]",2,"(-0.512, 128.082]",2
21,1,2,0,34,0,0,13,0,1,2,1,1,0,68,6,"(32.252, 48.168]",2,"(-0.512, 128.082]",1
22,1,3,1,15,0,0,8,2,2,3,1,1,0,45,2,"(0.34, 16.336]",0,"(-0.512, 128.082]",1
23,1,1,0,28,0,0,35,0,1,3,1,1,0,28,11,"(16.336, 32.252]",1,"(-0.512, 128.082]",3
24,0,3,1,8,3,1,21,0,2,3,5,0,4,24,7,"(0.34, 16.336]",0,"(-0.512, 128.082]",2
25,1,3,1,38,1,5,31,0,3,7,7,0,6,114,4,"(32.252, 48.168]",2,"(-0.512, 128.082]",2
26,0,3,0,28,0,0,7,1,1,3,1,1,0,83,2,,1,"(-0.512, 128.082]",0
27,0,1,0,19,3,2,263,0,1,3,6,0,5,19,87,"(16.336, 32.252]",1,"(256.165, 384.247]",3
28,1,3,1,22,0,0,7,2,2,3,1,1,0,69,2,,1,"(-0.512, 128.082]",0
29,0,3,0,26,0,0,7,0,1,2,1,1,0,81,3,,1,"(-0.512, 128.082]",0
30,0,1,0,40,0,0,27,1,5,3,1,1,0,40,9,"(32.252, 48.168]",2,"(-0.512, 128.082]",2
31,1,1,1,35,1,0,146,1,3,5,2,0,1,33,29,,2,"(128.082, 256.165]",3
32,1,3,1,22,0,0,7,2,2,3,1,1,0,69,2,,1,"(-0.512, 128.082]",0
33,0,2,0,66,0,0,10,0,1,3,1,1,0,132,3,"(64.084, 80.0]",4,"(-0.512, 128.082]",1
34,0,1,0,28,1,0,82,1,1,3,2,0,1,28,27,"(16.336, 32.252]",1,"(-0.512, 128.082]",3
35,0,1,0,42,1,0,52,0,1,3,2,0,1,42,17,"(32.252, 48.168]",2,"(-0.512, 128.082]",3
36,1,3,0,21,0,0,7,1,1,2,1,1,0,68,3,,1,"(-0.512, 128.082]",0
37,0,3,0,21,0,0,8,0,1,3,1,1,0,63,2,"(16.336, 32.252]",1,"(-0.512, 128.082]",1
38,0,3,1,18,2,0,18,0,2,4,3,0,2,54,4,"(16.336, 32.252]",1,"(-0.512, 128.082]",2
39,1,3,1,14,1,0,11,1,2,2,2,0,1,42,5,"(0.34, 16.336]",0,"(-0.512, 128.082]",1
40,0,3,1,40,1,0,9,0,3,5,2,0,1,120,1,"(32.252, 48.168]",2,"(-0.512, 128.082]",1
41,0,2,1,27,1,0,21,0,3,7,2,0,1,54,3,"(16.336, 32.252]",1,"(-0.512, 128.082]",2
42,0,3,0,26,0,0,7,1,1,2,1,1,0,80,3,,1,"(-0.512, 128.082]",0
43,1,2,1,3,1,2,41,1,2,5,4,0,3,6,8,"(0.34, 16.336]",0,"(-0.512, 128.082]",3
44,1,3,1,19,0,0,7,2,2,3,1,1,0,57,2,"(16.336, 32.252]",1,"(-0.512, 128.082]",0
45,0,3,0,27,0,0,8,0,1,3,1,1,0,84,2,,1,"(-0.512, 128.082]",1
46,0,3,0,22,1,0,15,2,1,2,2,0,1,67,7,,1,"(-0.512, 128.082]",2
47,1,3,1,20,0,0,7,2,2,2,1,1,0,66,3,,1,"(-0.512, 128.082]",0
48,0,3,0,19,2,0,21,1,1,2,3,0,2,58,10,,1,"(-0.512, 128.082]",2
49,0,3,1,18,1,0,17,0,3,4,2,0,1,54,4,"(16.336, 32.252]",1,"(-0.512, 128.082]",2
50,0,3,0,7,4,1,39,0,4,3,6,0,5,21,13,"(0.34, 16.336]",0,"(-0.512, 128.082]",3
51,0,3,0,21,0,0,7,0,1,3,1,1,0,63,2,"(16.336, 32.252]",1,"(-0.512, 128.082]",0
52,1,1,1,49,1,0,76,1,3,5,2,0,1,49,15,"(48.168, 64.084]",3,"(-0.512, 128.082]",3
53,1,2,1,29,1,0,26,0,3,5,2,0,1,58,5,"(16.336, 32.252]",1,"(-0.512, 128.082]",2
54,0,1,0,65,0,1,61,1,1,3,2,0,1,65,20,"(64.084, 80.0]",4,"(-0.512, 128.082]",3
55,1,1,0,38,0,0,35,0,1,2,1,1,0,42,17,,2,"(-0.512, 128.082]",3
56,1,2,1,21,0,0,10,0,2,2,1,1,0,42,5,"(16.336, 32.252]",1,"(-0.512, 128.082]",1
57,0,3,0,28,0,0,7,1,1,2,1,1,0,85,3,"(16.336, 32.252]",1,"(-0.512, 128.082]",0
58,1,2,1,5,1,2,27,0,2,3,4,0,3,10,9,"(0.34, 16.336]",0,"(-0.512, 128.082]",2
59,0,3,0,11,5,2,46,0,4,3,8,0,7,33,15,"(0.34, 16.336]",0,"(-0.512, 128.082]",3
60,0,3,0,22,0,0,7,1,1,2,1,1,0,66,3,"(16.336, 32.252]",1,"(-0.512, 128.082]",0
61,1,1,1,38,0,0,80,0,2,2,1,1,0,38,40,"(32.252, 48.168]",2,"(-0.512, 128.082]",3
62,0,1,0,45,1,0,83,0,1,3,2,0,1,45,27,"(32.252, 48.168]",2,"(-0.512, 128.082]",3
63,0,3,0,4,3,2,27,0,4,2,6,0,5,12,13,"(0.34, 16.336]",0,"(-0.512, 128.082]",2
64,0,1,0,46,0,0,27,1,1,3,1,1,0,55,9,,2,"(-0.512, 128.082]",2
65,1,3,0,15,1,1,15,1,4,2,3,0,2,52,7,,0,"(-0.512, 128.082]",2
66,1,2,1,29,0,0,10,0,3,3,1,1,0,58,3,"(16.336, 32.252]",1,"(-0.512, 128.082]",1
67,0,3,0,19,0,0,8,0,1,3,1,1,0,57,2,"(16.336, 32.252]",1,"(-0.512, 128.082]",1
68,1,3,1,17,4,2,7,0,2,3,7,0,6,51,2,"(16.336, 32.252]",1,"(-0.512, 128.082]",0
69,0,3,0,26,2,0,8,0,1,2,3,0,2,78,4,"(16.336, 32.252]",1,"(-0.512, 128.082]",1
70,0,2,0,32,0,0,10,0,1,3,1,1,0,64,3,"(16.336, 32.252]",1,"(-0.512, 128.082]",1
71,0,3,1,16,5,2,46,0,2,3,8,0,7,48,15,"(0.34, 16.336]",0,"(-0.512, 128.082]",3
72,0,2,0,21,0,0,73,0,1,3,1,1,0,42,24,"(16.336, 32.252]",1,"(-0.512, 128.082]",3
73,0,3,0,26,1,0,14,1,1,2,2,0,1,78,7,"(16.336, 32.252]",1,"(-0.512, 128.082]",1
74,1,3,0,32,0,0,56,0,1,2,1,1,0,96,28,"(16.336, 32.252]",1,"(-0.512, 128.082]",3
75,0,3,0,25,0,0,7,0,1,3,1,1,0,75,2,"(16.336, 32.252]",1,"(-0.512, 128.082]",0
76,0,3,0,26,0,0,7,0,1,2,1,1,0,81,3,,1,"(-0.512, 128.082]",0
77,0,3,0,27,0,0,8,0,1,3,1,1,0,84,2,,1,"(-0.512, 128.082]",1
78,1,2,0,0,0,2,29,0,4,3,3,0,2,1,9,"(0.34, 16.336]",0,"(-0.512, 128.082]",2
79,1,3,1,30,0,0,12,0,2,2,1,1,0,90,6,"(16.336, 32.252]",1,"(-0.512, 128.082]",1
80,0,3,0,22,0,0,9,0,1,2,1,1,0,66,4,"(16.336, 32.252]",1,"(-0.512, 128.082]",1
81,1,3,0,29,0,0,9,0,1,3,1,1,0,87,3,"(16.336, 32.252]",1,"(-0.512, 128.082]",1
82,1,3,1,22,0,0,7,2,2,3,1,1,0,69,2,,1,"(-0.512, 128.082]",0
83,0,1,0,28,0,0,47,0,1,3,1,1,0,28,15,"(16.336, 32.252]",1,"(-0.512, 128.082]",3
84,1,2,1,17,0,0,10,0,2,2,1,1,0,34,5,"(16.336, 32.252]",1,"(-0.512, 128.082]",1
85,1,3,1,33,3,0,15,0,3,6,4,0,3,99,2,"(32.252, 48.168]",2,"(-0.512, 128.082]",2
86,0,3,0,16,1,3,34,0,1,3,5,0,4,48,11,"(0.34, 16.336]",0,"(-0.512, 128.082]",3
87,0,3,0,27,0,0,8,0,1,3,1,1,0,84,2,,1,"(-0.512, 128.082]",1
88,1,1,1,23,3,2,263,0,2,3,6,0,5,23,87,"(16.336, 32.252]",1,"(256.165, 384.247]",3
89,0,3,0,24,0,0,8,0,1,2,1,1,0,72,4,"(16.336, 32.252]",1,"(-0.512, 128.082]",1
90,0,3,0,29,0,0,8,0,1,2,1,1,0,87,4,"(16.336, 32.252]",1,"(-0.512, 128.082]",1
91,0,3,0,20,0,0,7,0,1,3,1,1,0,60,2,"(16.336, 32.252]",1,"(-0.512, 128.082]",0
92,0,1,0,46,1,0,61,0,1,3,2,0,1,46,20,"(32.252, 48.168]",2,"(-0.512, 128.082]",3
93,0,3,0,26,1,2,20,0,1,3,4,0,3,78,6,"(16.336, 32.252]",1,"(-0.512, 128.082]",2
94,0,3,0,59,0,0,7,0,1,2,1,1,0,177,3,"(48.168, 64.084]",3,"(-0.512, 128.082]",0
95,0,3,0,27,0,0,8,0,1,3,1,1,0,84,2,,1,"(-0.512, 128.082]",1
96,0,1,0,71,0,0,34,1,1,3,1,1,0,71,11,"(64.084, 80.0]",4,"(-0.512, 128.082]",3
97,1,1,0,23,0,1,63,1,1,3,2,0,1,23,21,"(16.336, 32.252]",1,"(-0.512, 128.082]",3
98,1,2,1,34,0,1,23,0,3,6,2,0,1,68,3,"(32.252, 48.168]",2,"(-0.512, 128.082]",2
99,0,2,0,34,1,0,26,0,1,2,2,0,1,68,13,"(32.252, 48.168]",2,"(-0.512, 128.082]",2
100,0,3,1,28,0,0,7,0,2,2,1,1,0,84,3,"(16.336, 32.252]",1,"(-0.512, 128.082]",0
101,0,3,0,27,0,0,7,0,1,3,1,1,0,84,2,,1,"(-0.512, 128.082]",0
102,0,1,0,21,0,1,77,0,1,3,2,0,1,21,25,"(16.336, 32.252]",1,"(-0.512, 128.082]",3
103,0,3,0,33,0,0,8,0,1,3,1,1,0,99,2,"(32.252, 48.168]",2,"(-0.512, 128.082]",1
104,0,3,0,37,2,0,7,0,1,3,3,0,2,111,2,"(32.252, 48.168]",2,"(-0.512, 128.082]",0
105,0,3,0,28,0,0,7,0,1,2,1,1,0,84,3,"(16.336, 32.252]",1,"(-0.512, 128.082]",0
106,1,3,1,21,0,0,7,0,2,3,1,1,0,63,2,"(16.336, 32.252]",1,"(-0.512, 128.082]",0
107,1,3,0,22,0,0,7,0,1,3,1,1,0,72,2,,1,"(-0.512, 128.082]",0
108,0,3,0,38,0,0,7,0,1,2,1,1,0,114,3,"(32.252, 48.168]",2,"(-0.512, 128.082]",0
109,1,3,1,16,1,0,24,2,2,2,2,0,1,54,12,,0,"(-0.512, 128.082]",2
110,0,1,0,47,0,0,52,0,1,3,1,1,0,47,17,"(32.252, 48.168]",2,"(-0.512, 128.082]",3
111,0,3,1,14,1,0,14,1,2,2,2,0,1,43,7,"(0.34, 16.336]",0,"(-0.512, 128.082]",1
112,0,3,0,22,0,0,8,0,1,3,1,1,0,66,2,"(16.336, 32.252]",1,"(-0.512, 128.082]",1
113,0,3,1,20,1,0,9,0,2,2,2,0,1,60,4,"(16.336, 32.252]",1,"(-0.512, 128.082]",1
114,0,3,1,17,0,0,14,1,2,2,1,1,0,51,7,"(16.336, 32.252]",1,"(-0.512, 128.082]",1
115,0,3,0,21,0,0,7,0,1,2,1,1,0,63,3,"(16.336, 32.252]",1,"(-0.512, 128.082]",0
116,0,3,0,70,0,0,7,2,1,2,1,1,0,211,3,"(64.084, 80.0]",4,"(-0.512, 128.082]",0
117,0,2,0,29,1,0,21,0,1,4,2,0,1,58,5,"(16.336, 32.252]",1,"(-0.512, 128.082]",2
118,0,1,0,24,0,1,247,1,1,3,2,0,1,24,82,"(16.336, 32.252]",1,"(128.082, 256.165]",3
119,0,3,1,2,4,2,31,0,2,4,7,0,6,6,7,"(0.34, 16.336]",0,"(-0.512, 128.082]",2
120,0,2,0,21,2,0,73,0,1,3,3,0,2,42,24,"(16.336, 32.252]",1,"(-0.512, 128.082]",3
121,0,3,0,27,0,0,8,0,1,3,1,1,0,84,2,,1,"(-0.512, 128.082]",1
122,0,2,0,32,1,0,30,1,1,2,2,0,1,65,15,"(32.252, 48.168]",1,"(-0.512, 128.082]",2
123,1,2,1,32,0,0,13,0,2,2,1,1,0,65,6,"(32.252, 48.168]",1,"(-0.512, 128.082]",1
124,0,1,0,54,0,1,77,0,1,3,2,0,1,54,25,"(48.168, 64.084]",3,"(-0.512, 128.082]",3
125,1,3,0,12,1,0,11,1,4,2,2,0,1,36,5,"(0.34, 16.336]",0,"(-0.512, 128.082]",1
126,0,3,0,27,0,0,7,2,1,2,1,1,0,79,3,,1,"(-0.512, 128.082]",0
127,1,3,0,24,0,0,7,0,1,3,1,1,0,72,2,"(16.336, 32.252]",1,"(-0.512, 128.082]",0
128,1,3,1,15,1,1,22,1,2,2,3,0,2,54,11,,0,"(-0.512, 128.082]",2
129,0,3,0,45,0,0,6,0,1,2,1,1,0,135,3,"(32.252, 48.168]",2,"(-0.512, 128.082]",0
130,0,3,0,33,0,0,7,1,1,2,1,1,0,99,3,"(32.252, 48.168]",2,"(-0.512, 128.082]",0
131,0,3,0,20,0,0,7,0,1,3,1,1,0,60,2,"(16.336, 32.252]",1,"(-0.512, 128.082]",0
132,0,3,1,47,1,0,14,0,3,6,2,0,1,141,2,"(32.252, 48.168]",2,"(-0.512, 128.082]",1
133,1,2,1,29,1,0,26,0,3,5,2,0,1,58,5,"(16.336, 32.252]",1,"(-0.512, 128.082]",2
134,0,2,0,25,0,0,13,0,1,4,1,1,0,50,3,"(16.336, 32.252]",1,"(-0.512, 128.082]",1
135,0,2,0,23,0,0,15,1,1,2,1,1,0,46,7,"(16.336, 32.252]",1,"(-0.512, 128.082]",2
136,1,1,1,19,0,2,26,0,2,3,3,0,2,19,8,"(16.336, 32.252]",1,"(-0.512, 128.082]",2
137,0,1,0,37,1,0,53,0,1,3,2,0,1,37,17,"(32.252, 48.168]",2,"(-0.512, 128.082]",3
138,0,3,0,16,0,0,9,0,1,3,1,1,0,48,3,"(0.34, 16.336]",0,"(-0.512, 128.082]",1
139,0,1,0,24,0,0,79,1,1,2,1,1,0,24,39,"(16.336, 32.252]",1,"(-0.512, 128.082]",3
140,0,3,1,24,0,2,15,1,3,3,3,0,2,77,5,,1,"(-0.512, 128.082]",2
141,1,3,1,22,0,0,7,0,2,3,1,1,0,66,2,"(16.336, 32.252]",1,"(-0.512, 128.082]",0
142,1,3,1,24,1,0,15,0,3,6,2,0,1,72,2,"(16.336, 32.252]",1,"(-0.512, 128.082]",2
143,0,3,0,19,0,0,6,2,1,2,1,1,0,57,3,"(16.336, 32.252]",1,"(-0.512, 128.082]",0
144,0,2,0,18,0,0,11,0,1,3,1,1,0,36,3,"(16.336, 32.252]",1,"(-0.512, 128.082]",1
145,0,2,0,19,1,1,36,0,1,3,3,0,2,38,12,"(16.336, 32.252]",1,"(-0.512, 128.082]",3
146,1,3,0,27,0,0,7,0,1,4,1,1,0,81,1,"(16.336, 32.252]",1,"(-0.512, 128.082]",0
147,0,3,1,9,2,2,34,0,2,4,5,0,4,27,8,"(0.34, 16.336]",0,"(-0.512, 128.082]",3
148,0,2,0,36,0,2,26,0,1,5,3,0,2,73,5,"(32.252, 48.168]",2,"(-0.512, 128.082]",2
149,0,2,0,42,0,0,13,0,5,4,1,1,0,84,3,"(32.252, 48.168]",2,"(-0.512, 128.082]",1
150,0,2,0,51,0,0,12,0,5,3,1,1,0,102,4,"(48.168, 64.084]",3,"(-0.512, 128.082]",1
151,1,1,1,22,1,0,66,0,3,4,2,0,1,22,16,"(16.336, 32.252]",1,"(-0.512, 128.082]",3
152,0,3,0,55,0,0,8,0,1,2,1,1,0,166,4,"(48.168, 64.084]",3,"(-0.512, 128.082]",1
153,0,3,0,40,0,2,14,0,1,4,3,0,2,121,3,"(32.252, 48.168]",2,"(-0.512, 128.082]",1
154,0,3,0,27,0,0,7,0,1,3,1,1,0,84,2,,1,"(-0.512, 128.082]",0
155,0,1,0,51,0,1,61,1,1,3,2,0,1,51,20,"(48.168, 64.084]",3,"(-0.512, 128.082]",3
156,1,3,1,16,0,0,7,2,2,3,1,1,0,48,2,"(0.34, 16.336]",0,"(-0.512, 128.082]",0
157,0,3,0,30,0,0,8,0,1,2,1,1,0,90,4,"(16.336, 32.252]",1,"(-0.512, 128.082]",1
158,0,3,0,26,0,0,8,0,1,2,1,1,0,81,4,,1,"(-0.512, 128.082]",1
159,0,3,0,2,8,2,69,0,4,3,11,0,10,1,23,,0,"(-0.512, 128.082]",3
160,0,3,0,44,0,1,16,0,1,3,2,0,1,132,5,"(32.252, 48.168]",2,"(-0.512, 128.082]",2
161,1,2,1,40,0,0,15,0,3,6,1,1,0,80,2,"(32.252, 48.168]",2,"(-0.512, 128.082]",2
162,0,3,0,26,0,0,7,0,1,3,1,1,0,78,2,"(16.336, 32.252]",1,"(-0.512, 128.082]",0
163,0,3,0,17,0,0,8,0,1,2,1,1,0,51,4,"(16.336, 32.252]",1,"(-0.512, 128.082]",1
164,0,3,0,1,4,1,39,0,4,3,6,0,5,3,13,"(0.34, 16.336]",0,"(-0.512, 128.082]",3
165,1,3,0,9,0,2,20,0,4,5,3,0,2,27,4,"(0.34, 16.336]",0,"(-0.512, 128.082]",2
166,1,1,1,37,0,1,55,0,3,4,2,0,1,42,13,,2,"(-0.512, 128.082]",3
167,0,3,1,45,1,4,27,0,3,5,6,0,5,135,5,"(32.252, 48.168]",2,"(-0.512, 128.082]",2
168,0,1,0,45,0,0,25,0,1,3,1,1,0,56,8,,2,"(-0.512, 128.082]",2
169,0,3,0,28,0,0,56,0,1,2,1,1,0,84,28,"(16.336, 32.252]",1,"(-0.512, 128.082]",3
170,0,1,0,61,0,0,33,0,1,4,1,1,0,61,8,"(48.168, 64.084]",3,"(-0.512, 128.082]",3
171,0,3,0,4,4,1,29,2,4,2,6,0,5,12,14,"(0.34, 16.336]",0,"(-0.512, 128.082]",2
172,1,3,1,1,1,1,11,0,2,3,3,0,2,3,3,"(0.34, 16.336]",0,"(-0.512, 128.082]",1
173,0,3,0,21,0,0,7,0,1,3,1,1,0,63,2,"(16.336, 32.252]",1,"(-0.512, 128.082]",0
174,0,1,0,56,0,0,30,1,1,3,1,1,0,56,10,"(48.168, 64.084]",3,"(-0.512, 128.082]",2
175,0,3,0,18,1,1,7,0,1,3,3,0,2,54,2,"(16.336, 32.252]",1,"(-0.512, 128.082]",0
176,0,3,0,16,3,1,25,0,4,3,5,0,4,48,8,,0,"(-0.512, 128.082]",2
177,0,1,1,50,0,0,28,1,2,3,1,1,0,50,9,"(48.168, 64.084]",3,"(-0.512, 128.082]",2
178,0,2,0,30,0,0,13,0,1,2,1,1,0,60,6,"(16.336, 32.252]",1,"(-0.512, 128.082]",1
179,0,3,0,36,0,0,0,0,1,2,1,1,0,108,0,"(32.252, 48.168]",2,"(-0.512, 128.082]",0
180,0,3,1,1,8,2,69,0,2,3,11,0,10,3,23,,0,"(-0.512, 128.082]",3
181,0,2,0,36,0,0,15,1,1,2,1,1,0,66,7,,2,"(-0.512, 128.082]",2
182,0,3,0,9,4,2,31,0,4,4,7,0,6,27,7,"(0.34, 16.336]",0,"(-0.512, 128.082]",2
183,1,2,0,1,2,1,39,0,4,3,4,0,3,2,13,"(0.34, 16.336]",0,"(-0.512, 128.082]",3
184,1,3,1,4,0,2,22,0,2,3,3,0,2,12,7,"(0.34, 16.336]",0,"(-0.512, 128.082]",2
185,0,1,0,45,0,0,50,0,1,3,1,1,0,56,16,,2,"(-0.512, 128.082]",3
186,1,3,1,19,1,0,15,2,3,5,2,0,1,61,3,,1,"(-0.512, 128.082]",2
187,1,1,0,45,0,0,26,0,1,6,1,1,0,45,4,"(32.252, 48.168]",2,"(-0.512, 128.082]",2
188,0,3,0,40,1,1,15,2,1,2,3,0,2,120,7,"(32.252, 48.168]",2,"(-0.512, 128.082]",2
189,0,3,0,36,0,0,7,0,1,2,1,1,0,108,3,"(32.252, 48.168]",2,"(-0.512, 128.082]",0
190,1,2,1,32,0,0,13,0,3,2,1,1,0,64,6,"(16.336, 32.252]",1,"(-0.512, 128.082]",1
191,0,2,0,19,0,0,13,0,1,2,1,1,0,38,6,"(16.336, 32.252]",1,"(-0.512, 128.082]",1
192,1,3,1,19,1,0,7,0,2,4,2,0,1,57,1,"(16.336, 32.252]",1,"(-0.512, 128.082]",0
193,1,2,0,3,1,1,26,0,4,3,3,0,2,6,8,"(0.34, 16.336]",0,"(-0.512, 128.082]",2
194,1,1,1,44,0,0,27,1,3,5,1,1,0,44,5,"(32.252, 48.168]",2,"(-0.512, 128.082]",2
195,1,1,1,58,0,0,146,1,2,2,1,1,0,58,73,"(48.168, 64.084]",3,"(128.082, 256.165]",3
196,0,3,0,27,0,0,7,2,1,2,1,1,0,79,3,,1,"(-0.512, 128.082]",0
197,0,3,0,42,0,1,8,0,1,4,2,0,1,126,2,"(32.252, 48.168]",2,"(-0.512, 128.082]",1
198,1,3,1,22,0,0,7,2,2,3,1,1,0,69,2,,1,"(-0.512, 128.082]",0
199,0,2,1,24,0,0,13,0,2,4,1,1,0,48,3,"(16.336, 32.252]",1,"(-0.512, 128.082]",1
200,0,3,0,28,0,0,9,0,1,4,1,1,0,84,2,"(16.336, 32.252]",1,"(-0.512, 128.082]",1
201,0,3,0,1,8,2,69,0,1,2,11,0,10,2,34,,0,"(-0.512, 128.082]",3
202,0,3,0,34,0,0,6,0,1,3,1,1,0,102,2,"(32.252, 48.168]",2,"(-0.512, 128.082]",0
203,0,3,0,45,0,0,7,1,1,2,1,1,0,136,3,"(32.252, 48.168]",2,"(-0.512, 128.082]",0
204,1,3,0,18,0,0,8,0,1,3,1,1,0,54,2,"(16.336, 32.252]",1,"(-0.512, 128.082]",1
205,0,3,1,2,0,1,10,0,2,3,2,0,1,6,3,"(0.34, 16.336]",0,"(-0.512, 128.082]",1
206,0,3,0,32,1,0,15,0,1,3,2,0,1,96,5,"(16.336, 32.252]",1,"(-0.512, 128.082]",2
207,1,3,0,26,0,0,18,1,1,3,1,1,0,78,6,"(16.336, 32.252]",1,"(-0.512, 128.082]",2
208,1,3,1,16,0,0,7,2,2,3,1,1,0,48,2,"(0.34, 16.336]",0,"(-0.512, 128.082]",0
209,1,1,0,40,0,0,31,1,1,2,1,1,0,40,15,"(32.252, 48.168]",2,"(-0.512, 128.082]",2
210,0,3,0,24,0,0,7,0,1,2,1,1,0,72,3,"(16.336, 32.252]",1,"(-0.512, 128.082]",0
211,1,2,1,35,0,0,21,0,2,3,1,1,0,70,7,"(32.252, 48.168]",2,"(-0.512, 128.082]",2
212,0,3,0,22,0,0,7,0,1,3,1,1,0,66,2,"(16.336, 32.252]",1,"(-0.512, 128.082]",0
213,0,2,0,30,0,0,13,0,1,3,1,1,0,60,4,"(16.336, 32.252]",1,"(-0.512, 128.082]",1
214,0,3,0,22,1,0,7,2,1,2,2,0,1,67,3,,1,"(-0.512, 128.082]",0
215,1,1,1,31,1,0,113,1,2,2,2,0,1,31,56,"(16.336, 32.252]",1,"(-0.512, 128.082]",3
216,1,3,1,27,0,0,7,0,2,2,1,1,0,81,3,"(16.336, 32.252]",1,"(-0.512, 128.082]",0
217,0,2,0,42,1,0,27,0,1,3,2,0,1,84,9,"(32.252, 48.168]",2,"(-0.512, 128.082]",2
218,1,1,1,32,0,0,76,1,2,2,1,1,0,32,38,"(16.336, 32.252]",1,"(-0.512, 128.082]",3
219,0,2,0,30,0,0,10,0,1,2,1,1,0,60,5,"(16.336, 32.252]",1,"(-0.512, 128.082]",1
220,1,3,0,16,0,0,8,0,1,3,1,1,0,48,2,"(0.34, 16.336]",0,"(-0.512, 128.082]",1
221,0,2,0,27,0,0,13,0,1,3,1,1,0,54,4,"(16.336, 32.252]",1,"(-0.512, 128.082]",1
222,0,3,0,51,0,0,8,0,1,3,1,1,0,153,2,"(48.168, 64.084]",3,"(-0.512, 128.082]",1
223,0,3,0,26,0,0,7,0,1,2,1,1,0,81,3,,1,"(-0.512, 128.082]",0
224,1,1,0,38,1,0,90,0,1,3,2,0,1,38,30,"(32.252, 48.168]",2,"(-0.512, 128.082]",3
225,0,3,0,22,0,0,9,0,1,4,1,1,0,66,2,"(16.336, 32.252]",1,"(-0.512, 128.082]",1
226,1,2,0,19,0,0,10,0,1,3,1,1,0,38,3,"(16.336, 32.252]",1,"(-0.512, 128.082]",1
227,0,3,0,20,0,0,7,0,1,4,1,1,0,61,1,"(16.336, 32.252]",1,"(-0.512, 128.082]",0
228,0,2,0,18,0,0,13,0,1,3,1,1,0,36,4,"(16.336, 32.252]",1,"(-0.512, 128.082]",1
229,0,3,1,15,3,1,25,0,2,2,5,0,4,48,12,,0,"(-0.512, 128.082]",2
230,1,1,1,35,1,0,83,0,3,5,2,0,1,35,16,"(32.252, 48.168]",2,"(-0.512, 128.082]",3
231,0,3,0,29,0,0,7,0,1,3,1,1,0,87,2,"(16.336, 32.252]",1,"(-0.512, 128.082]",0
232,0,2,0,59,0,0,13,0,1,3,1,1,0,118,4,"(48.168, 64.084]",3,"(-0.512, 128.082]",1
233,1,3,1,5,4,2,31,0,2,3,7,0,6,15,10,"(0.34, 16.336]",0,"(-0.512, 128.082]",2
234,0,2,0,24,0,0,10,0,1,4,1,1,0,48,2,"(16.336, 32.252]",1,"(-0.512, 128.082]",1
235,0,3,1,27,0,0,7,0,2,3,1,1,0,82,2,,1,"(-0.512, 128.082]",0
236,0,2,0,44,1,0,26,0,1,2,2,0,1,88,13,"(32.252, 48.168]",2,"(-0.512, 128.082]",2
237,1,2,1,8,0,2,26,0,2,3,3,0,2,16,8,"(0.34, 16.336]",0,"(-0.512, 128.082]",2
238,0,2,0,19,0,0,10,0,1,3,1,1,0,38,3,"(16.336, 32.252]",1,"(-0.512, 128.082]",1
239,0,2,0,33,0,0,12,0,1,3,1,1,0,66,4,"(32.252, 48.168]",2,"(-0.512, 128.082]",1
240,0,3,1,21,1,0,14,1,2,2,2,0,1,66,7,,1,"(-0.512, 128.082]",1
241,1,3,1,17,1,0,15,2,2,3,2,0,1,57,5,,1,"(-0.512, 128.082]",2
242,0,2,0,29,0,0,10,0,1,3,1,1,0,58,3,"(16.336, 32.252]",1,"(-0.512, 128.082]",1
243,0,3,0,22,0,0,7,0,1,3,1,1,0,66,2,"(16.336, 32.252]",1,"(-0.512, 128.082]",0
244,0,3,0,30,0,0,7,1,1,2,1,1,0,90,3,"(16.336, 32.252]",1,"(-0.512, 128.082]",0
245,0,1,0,44,2,0,90,2,5,3,3,0,2,44,30,"(32.252, 48.168]",2,"(-0.512, 128.082]",3
246,0,3,1,25,0,0,7,0,2,4,1,1,0,75,1,"(16.336, 32.252]",1,"(-0.512, 128.082]",0
247,1,2,1,24,0,2,14,0,3,3,3,0,2,48,4,"(16.336, 32.252]",1,"(-0.512, 128.082]",1
248,1,1,0,37,1,1,52,0,1,3,3,0,2,37,17,"(32.252, 48.168]",2,"(-0.512, 128.082]",3
249,0,2,0,54,1,0,26,0,5,3,2,0,1,108,8,"(48.168, 64.084]",3,"(-0.512, 128.082]",2
250,0,3,0,27,0,0,7,0,1,3,1,1,0,84,2,,1,"(-0.512, 128.082]",0
251,0,3,1,29,1,1,10,0,3,5,3,0,2,87,2,"(16.336, 32.252]",1,"(-0.512, 128.082]",1
252,0,1,0,62,0,0,26,0,1,3,1,1,0,62,8,"(48.168, 64.084]",3,"(-0.512, 128.082]",2
253,0,3,0,30,1,0,16,0,1,3,2,0,1,90,5,"(16.336, 32.252]",1,"(-0.512, 128.082]",2
254,0,3,1,41,0,2,20,0,3,4,3,0,2,123,5,"(32.252, 48.168]",2,"(-0.512, 128.082]",2
255,1,3,1,29,0,2,15,1,3,5,3,0,2,87,3,"(16.336, 32.252]",1,"(-0.512, 128.082]",2
256,1,1,1,39,0,0,79,1,3,3,1,1,0,40,26,,2,"(-0.512, 128.082]",3
257,1,1,1,30,0,0,86,0,2,2,1,1,0,30,43,"(16.336, 32.252]",1,"(-0.512, 128.082]",3
258,1,1,1,35,0,0,512,1,2,2,1,1,0,35,256,"(32.252, 48.168]",2,"(384.247, 512.329]",3
259,1,2,1,50,0,1,26,0,3,3,2,0,1,100,8,"(48.168, 64.084]",3,"(-0.512, 128.082]",2
260,0,3,0,27,0,0,7,2,1,2,1,1,0,79,3,,1,"(-0.512, 128.082]",0
261,1,3,0,3,4,2,31,0,4,4,7,0,6,9,7,"(0.34, 16.336]",0,"(-0.512, 128.082]",2
262,0,1,0,52,1,1,79,0,1,2,3,0,2,52,39,"(48.168, 64.084]",3,"(-0.512, 128.082]",3
263,0,1,0,40,0,0,0,0,1,2,1,1,0,40,0,"(32.252, 48.168]",2,"(-0.512, 128.082]",0
264,0,3,1,26,0,0,7,2,2,2,1,1,0,77,3,,1,"(-0.512, 128.082]",0
265,0,2,0,36,0,0,10,0,1,2,1,1,0,72,5,"(32.252, 48.168]",2,"(-0.512, 128.082]",1
266,0,3,0,16,4,1,39,0,1,3,6,0,5,48,13,"(0.34, 16.336]",0,"(-0.512, 128.082]",3
267,1,3,0,25,1,0,7,0,1,3,2,0,1,75,2,"(16.336, 32.252]",1,"(-0.512, 128.082]",0
268,1,1,1,58,0,1,153,0,3,5,2,0,1,58,30,"(48.168, 64.084]",3,"(128.082, 256.165]",3
269,1,1,1,35,0,0,135,0,2,2,1,1,0,35,67,"(32.252, 48.168]",2,"(128.082, 256.165]",3
270,0,1,0,44,0,0,31,0,1,2,1,1,0,53,15,,2,"(-0.512, 128.082]",2
271,1,3,0,25,0,0,0,0,1,3,1,1,0,75,0,"(16.336, 32.252]",1,"(-0.512, 128.082]",0
272,1,2,1,41,0,1,19,0,3,4,2,0,1,82,4,"(32.252, 48.168]",2,"(-0.512, 128.082]",2
273,0,1,0,37,0,1,29,1,1,3,2,0,1,37,9,"(32.252, 48.168]",2,"(-0.512, 128.082]",2
274,1,3,1,22,0,0,7,2,2,3,1,1,0,69,2,,1,"(-0.512, 128.082]",0
275,1,1,1,63,1,0,77,0,2,3,2,0,1,63,25,"(48.168, 64.084]",3,"(-0.512, 128.082]",3
276,0,3,1,45,0,0,7,0,2,3,1,1,0,135,2,"(32.252, 48.168]",2,"(-0.512, 128.082]",0
277,0,2,0,37,0,0,0,0,1,3,1,1,0,70,0,,2,"(-0.512, 128.082]",0
278,0,3,0,7,4,1,29,2,4,2,6,0,5,21,14,"(0.34, 16.336]",0,"(-0.512, 128.082]",2
279,1,3,1,35,1,1,20,0,3,4,3,0,2,105,5,"(32.252, 48.168]",2,"(-0.512, 128.082]",2
280,0,3,0,65,0,0,7,2,1,2,1,1,0,195,3,"(64.084, 80.0]",4,"(-0.512, 128.082]",0
281,0,3,0,28,0,0,7,0,1,4,1,1,0,84,1,"(16.336, 32.252]",1,"(-0.512, 128.082]",0
282,0,3,0,16,0,0,9,0,1,3,1,1,0,48,3,"(0.34, 16.336]",0,"(-0.512, 128.082]",1
283,1,3,0,19,0,0,8,0,1,3,1,1,0,57,2,"(16.336, 32.252]",1,"(-0.512, 128.082]",1
284,0,1,0,45,0,0,26,0,1,3,1,1,0,56,8,,2,"(-0.512, 128.082]",2
285,0,3,0,33,0,0,8,1,1,2,1,1,0,99,4,"(32.252, 48.168]",2,"(-0.512, 128.082]",1
286,1,3,0,30,0,0,9,0,1,3,1,1,0,90,3,"(16.336, 32.252]",1,"(-0.512, 128.082]",1
287,0,3,0,22,0,0,7,0,1,2,1,1,0,66,3,"(16.336, 32.252]",1,"(-0.512, 128.082]",0
288,1,2,0,42,0,0,13,0,1,2,1,1,0,84,6,"(32.252, 48.168]",2,"(-0.512, 128.082]",1
289,1,3,1,22,0,0,7,2,2,2,1,1,0,66,3,"(16.336, 32.252]",1,"(-0.512, 128.082]",0
290,1,1,1,26,0,0,78,0,2,3,1,1,0,26,26,"(16.336, 32.252]",1,"(-0.512, 128.082]",3
291,1,1,1,19,1,0,91,1,3,5,2,0,1,19,18,"(16.336, 32.252]",1,"(-0.512, 128.082]",3
292,0,2,0,36,0,0,12,1,1,3,1,1,0,72,4,"(32.252, 48.168]",2,"(-0.512, 128.082]",1
293,0,3,1,24,0,0,8,0,2,2,1,1,0,72,4,"(16.336, 32.252]",1,"(-0.512, 128.082]",1
294,0,3,0,24,0,0,7,0,1,2,1,1,0,72,3,"(16.336, 32.252]",1,"(-0.512, 128.082]",0
295,0,1,0,46,0,0,27,1,1,3,1,1,0,55,9,,2,"(-0.512, 128.082]",2
296,0,3,0,23,0,0,7,1,1,2,1,1,0,70,3,"(16.336, 32.252]",1,"(-0.512, 128.082]",0
297,0,1,1,2,1,2,151,0,2,3,4,0,3,2,50,"(0.34, 16.336]",0,"(128.082, 256.165]",3
298,1,1,0,38,0,0,30,0,1,2,1,1,0,42,15,,2,"(-0.512, 128.082]",2
299,1,1,1,50,0,1,247,1,3,5,2,0,1,50,49,"(48.168, 64.084]",3,"(128.082, 256.165]",3
300,1,3,1,24,0,0,7,2,2,5,1,1,0,75,1,,1,"(-0.512, 128.082]",0
301,1,3,0,14,2,0,23,2,1,2,3,0,2,46,11,,0,"(-0.512, 128.082]",2
302,0,3,0,19,0,0,0,0,1,4,1,1,0,57,0,"(16.336, 32.252]",1,"(-0.512, 128.082]",0
303,1,2,1,31,0,0,12,2,2,3,1,1,0,55,4,,1,"(-0.512, 128.082]",1
304,0,3,0,29,0,0,8,0,1,4,1,1,0,87,2,,1,"(-0.512, 128.082]",1
305,1,1,0,0,1,2,151,0,4,3,4,0,3,0,50,"(0.34, 16.336]",0,"(128.082, 256.165]",3
306,1,1,1,37,0,0,110,1,2,2,1,1,0,39,55,,2,"(-0.512, 128.082]",3
307,1,1,1,17,1,0,108,1,3,13,2,0,1,17,8,"(16.336, 32.252]",1,"(-0.512, 128.082]",3
308,0,2,0,30,1,0,24,1,1,2,2,0,1,60,12,"(16.336, 32.252]",1,"(-0.512, 128.082]",2
309,1,1,1,30,0,0,56,1,2,3,1,1,0,30,18,"(16.336, 32.252]",1,"(-0.512, 128.082]",3
310,1,1,1,24,0,0,83,1,2,3,1,1,0,24,27,"(16.336, 32.252]",1,"(-0.512, 128.082]",3
311,1,1,1,18,2,2,262,1,2,3,5,0,4,18,87,"(16.336, 32.252]",1,"(256.165, 384.247]",3
312,0,2,1,26,1,1,26,0,3,4,3,0,2,52,6,"(16.336, 32.252]",1,"(-0.512, 128.082]",2
313,0,3,0,28,0,0,7,0,1,2,1,1,0,84,3,"(16.336, 32.252]",1,"(-0.512, 128.082]",0
314,0,2,0,43,1,1,26,0,1,2,3,0,2,86,13,"(32.252, 48.168]",2,"(-0.512, 128.082]",2
315,1,3,1,26,0,0,7,0,2,3,1,1,0,78,2,"(16.336, 32.252]",1,"(-0.512, 128.082]",0
316,1,2,1,24,1,0,26,0,3,4,2,0,1,48,6,"(16.336, 32.252]",1,"(-0.512, 128.082]",2
317,0,2,0,54,0,0,14,0,5,2,1,1,0,108,7,"(48.168, 64.084]",3,"(-0.512, 128.082]",1
318,1,1,1,31,0,2,164,0,2,3,3,0,2,31,54,"(16.336, 32.252]",1,"(128.082, 256.165]",3
319,1,1,1,40,1,1,134,1,3,6,3,0,2,40,22,"(32.252, 48.168]",2,"(128.082, 256.165]",3
320,0,3,0,22,0,0,7,0,1,2,1,1,0,66,3,"(16.336, 32.252]",1,"(-0.512, 128.082]",0
321,0,3,0,27,0,0,7,0,1,2,1,1,0,81,3,"(16.336, 32.252]",1,"(-0.512, 128.082]",0
322,1,2,1,30,0,0,12,2,2,3,1,1,0,60,4,"(16.336, 32.252]",1,"(-0.512, 128.082]",1
323,1,2,1,22,1,1,29,0,3,6,3,0,2,44,4,"(16.336, 32.252]",1,"(-0.512, 128.082]",2
324,0,3,0,3,8,2,69,0,1,4,11,0,10,8,17,,0,"(-0.512, 128.082]",3
325,1,1,1,36,0,0,135,1,2,3,1,1,0,36,45,"(32.252, 48.168]",2,"(128.082, 256.165]",3
326,0,3,0,61,0,0,6,0,1,3,1,1,0,183,2,"(48.168, 64.084]",3,"(-0.512, 128.082]",0
327,1,2,1,36,0,0,13,0,3,4,1,1,0,72,3,"(32.252, 48.168]",2,"(-0.512, 128.082]",1
328,1,3,1,31,1,1,20,0,3,6,3,0,2,93,3,"(16.336, 32.252]",1,"(-0.512, 128.082]",2
329,1,1,1,16,0,1,57,1,2,3,2,0,1,16,19,"(0.34, 16.336]",0,"(-0.512, 128.082]",3
330,1,3,1,13,2,0,23,2,2,2,3,0,2,44,11,,0,"(-0.512, 128.082]",2
331,0,1,0,45,0,0,28,0,1,2,1,1,0,45,14,"(32.252, 48.168]",2,"(-0.512, 128.082]",2
332,0,1,0,38,0,1,153,0,1,3,2,0,1,38,51,"(32.252, 48.168]",2,"(128.082, 256.165]",3
333,0,3,0,16,2,0,18,0,1,4,3,0,2,48,4,"(0.34, 16.336]",0,"(-0.512, 128.082]",2
334,1,1,1,35,1,0,133,0,3,5,2,0,1,35,26,,2,"(128.082, 256.165]",3
335,0,3,0,26,0,0,7,0,1,2,1,1,0,81,3,,1,"(-0.512, 128.082]",0
336,0,1,0,29,1,0,66,0,1,3,2,0,1,29,22,"(16.336, 32.252]",1,"(-0.512, 128.082]",3
337,1,1,1,41,0,0,134,1,2,3,1,1,0,41,44,"(32.252, 48.168]",2,"(128.082, 256.165]",3
338,1,3,0,45,0,0,8,0,1,3,1,1,0,135,2,"(32.252, 48.168]",2,"(-0.512, 128.082]",1
339,0,1,0,45,0,0,35,0,1,3,1,1,0,45,11,"(32.252, 48.168]",2,"(-0.512, 128.082]",3
340,1,2,0,2,1,1,26,0,4,3,3,0,2,4,8,"(0.34, 16.336]",0,"(-0.512, 128.082]",2
341,1,1,1,24,3,2,263,0,2,3,6,0,5,24,87,"(16.336, 32.252]",1,"(256.165, 384.247]",3
342,0,2,0,28,0,0,13,0,1,3,1,1,0,56,4,"(16.336, 32.252]",1,"(-0.512, 128.082]",1
343,0,2,0,25,0,0,13,0,1,4,1,1,0,50,3,"(16.336, 32.252]",1,"(-0.512, 128.082]",1
344,0,2,0,36,0,0,13,0,1,3,1,1,0,72,4,"(32.252, 48.168]",2,"(-0.512, 128.082]",1
345,1,2,1,24,0,0,13,0,2,3,1,1,0,48,4,"(16.336, 32.252]",1,"(-0.512, 128.082]",1
346,1,2,1,40,0,0,13,0,2,3,1,1,0,80,4,"(32.252, 48.168]",2,"(-0.512, 128.082]",1
347,1,3,1,20,1,0,16,0,3,6,2,0,1,66,2,,1,"(-0.512, 128.082]",2
348,1,3,0,3,1,1,15,0,4,4,3,0,2,9,3,"(0.34, 16.336]",0,"(-0.512, 128.082]",2
349,0,3,0,42,0,0,8,0,1,2,1,1,0,126,4,"(32.252, 48.168]",2,"(-0.512, 128.082]",1
350,0,3,0,23,0,0,9,0,1,3,1,1,0,69,3,"(16.336, 32.252]",1,"(-0.512, 128.082]",1
351,0,1,0,45,0,0,35,0,1,3,1,1,0,56,11,,2,"(-0.512, 128.082]",3
352,0,3,0,15,1,1,7,1,1,2,3,0,2,45,3,"(0.34, 16.336]",0,"(-0.512, 128.082]",0
353,0,3,0,25,1,0,17,0,1,2,2,0,1,75,8,"(16.336, 32.252]",1,"(-0.512, 128.082]",2
354,0,3,0,26,0,0,7,1,1,2,1,1,0,80,3,,1,"(-0.512, 128.082]",0
355,0,3,0,28,0,0,9,0,1,4,1,1,0,84,2,"(16.336, 32.252]",1,"(-0.512, 128.082]",1
356,1,1,1,22,0,1,55,0,2,3,2,0,1,22,18,"(16.336, 32.252]",1,"(-0.512, 128.082]",3
357,0,2,1,38,0,0,13,0,2,3,1,1,0,76,4,"(32.252, 48.168]",2,"(-0.512, 128.082]",1
358,1,3,1,20,0,0,7,2,2,2,1,1,0,66,3,,1,"(-0.512, 128.082]",0
359,1,3,1,23,0,0,7,2,2,4,1,1,0,72,1,,1,"(-0.512, 128.082]",0
360,0,3,0,40,1,4,27,0,1,2,6,0,5,120,13,"(32.252, 48.168]",2,"(-0.512, 128.082]",2
361,0,2,0,29,1,0,27,1,1,3,2,0,1,58,9,"(16.336, 32.252]",1,"(-0.512, 128.082]",2
362,0,3,1,45,0,1,14,1,3,3,2,0,1,135,4,"(32.252, 48.168]",2,"(-0.512, 128.082]",1
363,0,3,0,35,0,0,7,0,1,2,1,1,0,105,3,"(32.252, 48.168]",2,"(-0.512, 128.082]",0
364,0,3,0,22,1,0,15,2,1,2,2,0,1,67,7,,1,"(-0.512, 128.082]",2
365,0,3,0,30,0,0,7,0,1,4,1,1,0,90,1,"(16.336, 32.252]",1,"(-0.512, 128.082]",0
366,1,1,1,60,1,0,75,1,3,6,2,0,1,60,12,"(48.168, 64.084]",3,"(-0.512, 128.082]",3
367,1,3,1,21,0,0,7,1,3,3,1,1,0,68,2,,1,"(-0.512, 128.082]",0
368,1,3,1,20,0,0,7,2,2,2,1,1,0,66,3,,1,"(-0.512, 128.082]",0
369,1,1,1,24,0,0,69,1,3,3,1,1,0,24,23,"(16.336, 32.252]",1,"(-0.512, 128.082]",3
370,1,1,0,25,1,0,55,1,1,3,2,0,1,25,18,"(16.336, 32.252]",1,"(-0.512, 128.082]",3
371,0,3,0,18,1,0,6,0,1,3,2,0,1,54,2,"(16.336, 32.252]",1,"(-0.512, 128.082]",0
372,0,3,0,19,0,0,8,0,1,3,1,1,0,57,2,"(16.336, 32.252]",1,"(-0.512, 128.082]",1
373,0,1,0,22,0,0,135,1,1,2,1,1,0,22,67,"(16.336, 32.252]",1,"(128.082, 256.165]",3
374,0,3,1,3,3,1,21,0,2,3,5,0,4,9,7,"(0.34, 16.336]",0,"(-0.512, 128.082]",2
375,1,1,1,36,1,0,82,1,3,5,2,0,1,34,16,,2,"(-0.512, 128.082]",3
376,1,3,1,22,0,0,7,0,2,3,1,1,0,66,2,"(16.336, 32.252]",1,"(-0.512, 128.082]",0
377,0,1,0,27,0,2,211,1,1,3,3,0,2,27,70,"(16.336, 32.252]",1,"(128.082, 256.165]",3
378,0,3,0,20,0,0,4,1,1,2,1,1,0,60,2,"(16.336, 32.252]",1,"(-0.512, 128.082]",0
379,0,3,0,19,0,0,7,0,1,3,1,1,0,57,2,"(16.336, 32.252]",1,"(-0.512, 128.082]",0
380,1,1,1,42,0,0,227,1,2,2,1,1,0,42,113,"(32.252, 48.168]",2,"(128.082, 256.165]",3
381,1,3,1,1,0,2,15,1,2,3,3,0,2,3,5,"(0.34, 16.336]",0,"(-0.512, 128.082]",2
382,0,3,0,32,0,0,7,0,1,2,1,1,0,96,3,"(16.336, 32.252]",1,"(-0.512, 128.082]",0
383,1,1,1,35,1,0,52,0,3,6,2,0,1,35,8,"(32.252, 48.168]",2,"(-0.512, 128.082]",3
384,0,3,0,26,0,0,7,0,1,2,1,1,0,81,3,,1,"(-0.512, 128.082]",0
385,0,2,0,18,0,0,73,0,1,3,1,1,0,36,24,"(16.336, 32.252]",1,"(-0.512, 128.082]",3
386,0,3,0,1,5,2,46,0,4,3,8,0,7,3,15,"(0.34, 16.336]",0,"(-0.512, 128.082]",3
387,1,2,1,36,0,0,13,0,2,2,1,1,0,72,6,"(32.252, 48.168]",2,"(-0.512, 128.082]",1
388,0,3,0,27,0,0,7,2,1,2,1,1,0,79,3,,1,"(-0.512, 128.082]",0
389,1,2,1,17,0,0,12,1,2,2,1,1,0,34,6,"(16.336, 32.252]",1,"(-0.512, 128.082]",1
390,1,1,0,36,1,2,120,0,1,3,4,0,3,36,40,"(32.252, 48.168]",2,"(-0.512, 128.082]",3
391,1,3,0,21,0,0,7,0,1,3,1,1,0,63,2,"(16.336, 32.252]",1,"(-0.512, 128.082]",0
392,0,3,0,28,2,0,7,0,1,3,3,0,2,84,2,"(16.336, 32.252]",1,"(-0.512, 128.082]",0
393,1,1,1,23,1,0,113,1,2,2,2,0,1,23,56,"(16.336, 32.252]",1,"(-0.512, 128.082]",3
394,1,3,1,24,0,2,16,0,3,5,3,0,2,72,3,"(16.336, 32.252]",1,"(-0.512, 128.082]",2
395,0,3,0,22,0,0,7,0,1,2,1,1,0,66,3,"(16.336, 32.252]",1,"(-0.512, 128.082]",0
396,0,3,1,31,0,0,7,0,2,2,1,1,0,93,3,"(16.336, 32.252]",1,"(-0.512, 128.082]",0
397,0,2,0,46,0,0,26,0,1,3,1,1,0,92,8,"(32.252, 48.168]",2,"(-0.512, 128.082]",2
398,0,2,0,23,0,0,10,0,5,2,1,1,0,46,5,"(16.336, 32.252]",1,"(-0.512, 128.082]",1
399,1,2,1,28,0,0,12,0,3,5,1,1,0,56,2,"(16.336, 32.252]",1,"(-0.512, 128.082]",1
400,1,3,0,39,0,0,7,0,1,2,1,1,0,117,3,"(32.252, 48.168]",2,"(-0.512, 128.082]",0
401,0,3,0,26,0,0,8,0,1,2,1,1,0,78,4,"(16.336, 32.252]",1,"(-0.512, 128.082]",1
402,0,3,1,21,1,0,9,0,2,3,2,0,1,63,3,"(16.336, 32.252]",1,"(-0.512, 128.082]",1
403,0,3,0,28,1,0,15,0,1,3,2,0,1,84,5,"(16.336, 32.252]",1,"(-0.512, 128.082]",2
404,0,3,1,20,0,0,8,0,2,2,1,1,0,60,4,"(16.336, 32.252]",1,"(-0.512, 128.082]",1
405,0,2,0,34,1,0,21,0,1,2,2,0,1,68,10,"(32.252, 48.168]",2,"(-0.512, 128.082]",2
406,0,3,0,51,0,0,7,0,1,3,1,1,0,153,2,"(48.168, 64.084]",3,"(-0.512, 128.082]",0
407,1,2,0,3,1,1,18,0,4,3,3,0,2,6,6,"(0.34, 16.336]",0,"(-0.512, 128.082]",2
408,0,3,0,21,0,0,7,0,1,4,1,1,0,63,1,"(16.336, 32.252]",1,"(-0.512, 128.082]",0
409,0,3,1,15,3,1,25,0,2,2,5,0,4,48,12,,0,"(-0.512, 128.082]",2
410,0,3,0,26,0,0,7,0,1,2,1,1,0,81,3,,1,"(-0.512, 128.082]",0
411,0,3,0,27,0,0,6,2,1,2,1,1,0,79,3,,1,"(-0.512, 128.082]",0
412,1,1,1,33,1,0,90,2,2,3,2,0,1,33,30,"(32.252, 48.168]",2,"(-0.512, 128.082]",3
413,0,2,0,37,0,0,0,0,1,3,1,1,0,70,0,,2,"(-0.512, 128.082]",0
414,1,3,0,44,0,0,7,0,1,3,1,1,0,132,2,"(32.252, 48.168]",2,"(-0.512, 128.082]",0
415,0,3,1,29,0,0,8,0,3,5,1,1,0,87,1,,1,"(-0.512, 128.082]",1
416,1,2,1,34,1,1,32,0,3,6,3,0,2,68,5,"(32.252, 48.168]",2,"(-0.512, 128.082]",3
417,1,2,1,18,0,2,13,0,2,3,3,0,2,36,4,"(16.336, 32.252]",1,"(-0.512, 128.082]",1
418,0,2,0,30,0,0,13,0,1,3,1,1,0,60,4,"(16.336, 32.252]",1,"(-0.512, 128.082]",1
419,0,3,1,10,0,2,24,0,2,3,3,0,2,30,8,"(0.34, 16.336]",0,"(-0.512, 128.082]",2
420,0,3,0,26,0,0,7,1,1,2,1,1,0,80,3,,1,"(-0.512, 128.082]",0
421,0,3,0,21,0,0,7,2,1,2,1,1,0,63,3,"(16.336, 32.252]",1,"(-0.512, 128.082]",0
422,0,3,0,29,0,0,7,0,1,2,1,1,0,87,3,"(16.336, 32.252]",1,"(-0.512, 128.082]",0
423,0,3,1,28,1,1,14,0,3,7,3,0,2,84,2,"(16.336, 32.252]",1,"(-0.512, 128.082]",1
424,0,3,0,18,1,1,20,0,1,3,3,0,2,54,6,"(16.336, 32.252]",1,"(-0.512, 128.082]",2
425,0,3,0,26,0,0,7,0,1,2,1,1,0,81,3,,1,"(-0.512, 128.082]",0
426,1,2,1,28,1,0,26,0,3,6,2,0,1,56,4,"(16.336, 32.252]",1,"(-0.512, 128.082]",2
427,1,2,1,19,0,0,26,0,2,8,1,1,0,38,3,"(16.336, 32.252]",1,"(-0.512, 128.082]",2
428,0,3,0,27,0,0,7,2,1,2,1,1,0,79,3,,1,"(-0.512, 128.082]",0
429,1,3,0,32,0,0,8,0,1,4,1,1,0,96,2,"(16.336, 32.252]",1,"(-0.512, 128.082]",1
430,1,1,0,28,0,0,26,0,1,3,1,1,0,28,8,"(16.336, 32.252]",1,"(-0.512, 128.082]",2
431,1,3,1,19,1,0,16,0,3,5,2,0,1,63,3,,1,"(-0.512, 128.082]",2
432,1,2,1,42,1,0,26,0,3,6,2,0,1,84,4,"(32.252, 48.168]",2,"(-0.512, 128.082]",2
433,0,3,0,17,0,0,7,0,1,3,1,1,0,51,2,"(16.336, 32.252]",1,"(-0.512, 128.082]",0
434,0,1,0,50,1,0,55,0,1,3,2,0,1,50,18,"(48.168, 64.084]",3,"(-0.512, 128.082]",3
435,1,1,1,14,1,2,120,0,2,3,4,0,3,14,40,"(0.34, 16.336]",0,"(-0.512, 128.082]",3
436,0,3,1,21,2,2,34,0,2,4,5,0,4,63,8,"(16.336, 32.252]",1,"(-0.512, 128.082]",3
437,1,2,1,24,2,3,18,0,3,4,6,0,5,48,4,"(16.336, 32.252]",1,"(-0.512, 128.082]",2
438,0,1,0,64,1,4,263,0,1,2,6,0,5,64,131,"(48.168, 64.084]",3,"(256.165, 384.247]",3
439,0,2,0,31,0,0,10,0,1,4,1,1,0,62,2,"(16.336, 32.252]",1,"(-0.512, 128.082]",1
440,1,2,1,45,1,1,26,0,3,5,3,0,2,90,5,"(32.252, 48.168]",2,"(-0.512, 128.082]",2
441,0,3,0,20,0,0,9,0,1,2,1,1,0,60,4,"(16.336, 32.252]",1,"(-0.512, 128.082]",1
442,0,3,0,25,1,0,7,0,1,3,2,0,1,75,2,"(16.336, 32.252]",1,"(-0.512, 128.082]",0
443,1,2,1,28,0,0,13,0,2,2,1,1,0,56,6,"(16.336, 32.252]",1,"(-0.512, 128.082]",1
444,1,3,0,20,0,0,8,0,1,2,1,1,0,69,4,,1,"(-0.512, 128.082]",1
445,1,1,0,4,0,2,81,0,4,2,3,0,2,4,40,"(0.34, 16.336]",0,"(-0.512, 128.082]",3
446,1,2,1,13,0,1,19,0,2,3,2,0,1,26,6,"(0.34, 16.336]",0,"(-0.512, 128.082]",2
447,1,1,0,34,0,0,26,0,1,3,1,1,0,34,8,"(32.252, 48.168]",2,"(-0.512, 128.082]",2
448,1,3,1,5,2,1,19,1,2,3,4,0,3,15,6,"(0.34, 16.336]",0,"(-0.512, 128.082]",2
449,1,1,0,52,0,0,30,0,5,3,1,1,0,52,10,"(48.168, 64.084]",3,"(-0.512, 128.082]",2
450,0,2,0,36,1,2,27,0,1,3,4,0,3,72,9,"(32.252, 48.168]",2,"(-0.512, 128.082]",2
451,0,3,0,24,1,0,19,0,1,4,2,0,1,74,4,,1,"(-0.512, 128.082]",2
452,0,1,0,30,0,0,27,1,1,3,1,1,0,30,9,"(16.336, 32.252]",1,"(-0.512, 128.082]",2
453,1,1,0,49,1,0,89,1,1,3,2,0,1,49,29,"(48.168, 64.084]",3,"(-0.512, 128.082]",3
454,0,3,0,26,0,0,8,0,1,2,1,1,0,81,4,,1,"(-0.512, 128.082]",1
455,1,3,0,29,0,0,7,1,1,2,1,1,0,87,3,"(16.336, 32.252]",1,"(-0.512, 128.082]",0
456,0,1,0,65,0,0,26,0,1,3,1,1,0,65,8,"(64.084, 80.0]",4,"(-0.512, 128.082]",2
457,1,1,1,35,1,0,51,0,3,4,2,0,1,32,12,,2,"(-0.512, 128.082]",3
458,1,2,1,50,0,0,10,0,2,2,1,1,0,100,5,"(48.168, 64.084]",3,"(-0.512, 128.082]",1
459,0,3,0,27,0,0,7,2,1,2,1,1,0,79,3,,1,"(-0.512, 128.082]",0
460,1,1,0,48,0,0,26,0,1,2,1,1,0,48,13,"(32.252, 48.168]",2,"(-0.512, 128.082]",2
461,0,3,0,34,0,0,8,0,1,2,1,1,0,102,4,"(32.252, 48.168]",2,"(-0.512, 128.082]",1
462,0,1,0,47,0,0,38,0,1,3,1,1,0,47,12,"(32.252, 48.168]",2,"(-0.512, 128.082]",3
463,0,2,0,48,0,0,13,0,1,3,1,1,0,96,4,"(32.252, 48.168]",2,"(-0.512, 128.082]",1
464,0,3,0,26,0,0,8,0,1,2,1,1,0,81,4,,1,"(-0.512, 128.082]",1
465,0,3,0,38,0,0,7,0,1,3,1,1,0,114,2,"(32.252, 48.168]",2,"(-0.512, 128.082]",0
466,0,2,0,35,0,0,0,0,1,2,1,1,0,67,0,,2,"(-0.512, 128.082]",0
467,0,1,0,56,0,0,26,0,1,3,1,1,0,56,8,"(48.168, 64.084]",3,"(-0.512, 128.082]",2
468,0,3,0,27,0,0,7,2,1,2,1,1,0,79,3,,1,"(-0.512, 128.082]",0
469,1,3,1,0,2,1,19,1,2,3,4,0,3,2,6,"(0.34, 16.336]",0,"(-0.512, 128.082]",2
470,0,3,0,26,0,0,7,0,1,2,1,1,0,81,3,,1,"(-0.512, 128.082]",0
471,0,3,0,38,0,0,8,0,1,2,1,1,0,114,4,"(32.252, 48.168]",2,"(-0.512, 128.082]",1
472,1,2,1,33,1,2,27,0,3,6,4,0,3,66,4,"(32.252, 48.168]",2,"(-0.512, 128.082]",2
473,1,2,1,23,0,0,13,1,3,6,1,1,0,46,2,"(16.336, 32.252]",1,"(-0.512, 128.082]",1
474,0,3,1,22,0,0,9,0,2,3,1,1,0,66,3,"(16.336, 32.252]",1,"(-0.512, 128.082]",1
475,0,1,0,45,0,0,52,0,1,3,1,1,0,56,17,,2,"(-0.512, 128.082]",3
476,0,2,0,34,1,0,21,0,1,3,2,0,1,68,7,"(32.252, 48.168]",2,"(-0.512, 128.082]",2
477,0,3,0,29,1,0,7,0,1,3,2,0,1,87,2,"(16.336, 32.252]",1,"(-0.512, 128.082]",0
478,0,3,0,22,0,0,7,0,1,3,1,1,0,66,2,"(16.336, 32.252]",1,"(-0.512, 128.082]",0
479,1,3,1,2,0,1,12,0,2,3,2,0,1,6,4,"(0.34, 16.336]",0,"(-0.512, 128.082]",1
480,0,3,0,9,5,2,46,0,4,3,8,0,7,27,15,"(0.34, 16.336]",0,"(-0.512, 128.082]",3
481,0,2,0,38,0,0,0,0,1,4,1,1,0,73,0,,2,"(-0.512, 128.082]",0
482,0,3,0,50,0,0,8,0,1,3,1,1,0,150,2,"(48.168, 64.084]",3,"(-0.512, 128.082]",1
483,1,3,1,63,0,0,9,0,3,2,1,1,0,189,4,"(48.168, 64.084]",3,"(-0.512, 128.082]",1
484,1,1,0,25,1,0,91,1,1,3,2,0,1,25,30,"(16.336, 32.252]",1,"(-0.512, 128.082]",3
485,0,3,1,15,3,1,25,0,2,2,5,0,4,48,12,,0,"(-0.512, 128.082]",2
486,1,1,1,35,1,0,90,0,3,6,2,0,1,35,15,"(32.252, 48.168]",2,"(-0.512, 128.082]",3
487,0,1,0,58,0,0,29,1,1,3,1,1,0,58,9,"(48.168, 64.084]",3,"(-0.512, 128.082]",2
488,0,3,0,30,0,0,8,0,1,3,1,1,0,90,2,"(16.336, 32.252]",1,"(-0.512, 128.082]",1
489,1,3,0,9,1,1,15,0,4,4,3,0,2,27,3,"(0.34, 16.336]",0,"(-0.512, 128.082]",2
490,0,3,0,24,1,0,19,0,1,4,2,0,1,74,4,,1,"(-0.512, 128.082]",2
491,0,3,0,21,0,0,7,0,1,2,1,1,0,63,3,"(16.336, 32.252]",1,"(-0.512, 128.082]",0
492,0,1,0,55,0,0,30,0,1,3,1,1,0,55,10,"(48.168, 64.084]",3,"(-0.512, 128.082]",2
493,0,1,0,71,0,0,49,1,1,2,1,1,0,71,24,"(64.084, 80.0]",4,"(-0.512, 128.082]",3
494,0,3,0,21,0,0,8,0,1,3,1,1,0,63,2,"(16.336, 32.252]",1,"(-0.512, 128.082]",1
495,0,3,0,26,0,0,14,1,1,2,1,1,0,80,7,,1,"(-0.512, 128.082]",1
496,1,1,1,54,1,0,78,1,2,3,2,0,1,54,26,"(48.168, 64.084]",3,"(-0.512, 128.082]",3
497,0,3,0,27,0,0,15,0,1,3,1,1,0,84,5,,1,"(-0.512, 128.082]",2
498,0,1,1,25,1,2,151,0,3,7,4,0,3,25,21,"(16.336, 32.252]",1,"(128.082, 256.165]",3
499,0,3,0,24,0,0,7,0,1,2,1,1,0,72,3,"(16.336, 32.252]",1,"(-0.512, 128.082]",0
500,0,3,0,17,0,0,8,0,1,2,1,1,0,51,4,"(16.336, 32.252]",1,"(-0.512, 128.082]",1
501,0,3,1,21,0,0,7,2,2,2,1,1,0,63,3,"(16.336, 32.252]",1,"(-0.512, 128.082]",0
502,0,3,1,27,0,0,7,2,2,3,1,1,0,80,2,,1,"(-0.512, 128.082]",0
503,0,3,1,37,0,0,9,0,2,3,1,1,0,111,3,"(32.252, 48.168]",2,"(-0.512, 128.082]",1
504,1,1,1,16,0,0,86,0,2,2,1,1,0,16,43,"(0.34, 16.336]",0,"(-0.512, 128.082]",3
505,0,1,0,18,1,0,108,1,1,6,2,0,1,18,18,"(16.336, 32.252]",1,"(-0.512, 128.082]",3
506,1,2,1,33,0,2,26,0,3,5,3,0,2,66,5,"(32.252, 48.168]",2,"(-0.512, 128.082]",2
507,1,1,0,42,0,0,26,0,1,5,1,1,0,50,5,,2,"(-0.512, 128.082]",2
508,0,3,0,28,0,0,22,0,1,3,1,1,0,84,7,"(16.336, 32.252]",1,"(-0.512, 128.082]",2
509,1,3,0,26,0,0,56,0,1,2,1,1,0,78,28,"(16.336, 32.252]",1,"(-0.512, 128.082]",3
510,1,3,0,29,0,0,7,2,1,3,1,1,0,87,2,"(16.336, 32.252]",1,"(-0.512, 128.082]",0
511,0,3,0,26,0,0,8,0,1,2,1,1,0,81,4,,1,"(-0.512, 128.082]",1
512,1,1,0,36,0,0,26,0,1,3,1,1,0,36,8,"(32.252, 48.168]",2,"(-0.512, 128.082]",2
513,1,1,1,54,1,0,59,1,3,5,2,0,1,54,11,"(48.168, 64.084]",3,"(-0.512, 128.082]",3
514,0,3,0,24,0,0,7,0,1,2,1,1,0,72,3,"(16.336, 32.252]",1,"(-0.512, 128.082]",0
515,0,1,0,47,0,0,34,0,1,3,1,1,0,47,11,"(32.252, 48.168]",2,"(-0.512, 128.082]",3
516,1,2,1,34,0,0,10,0,3,3,1,1,0,68,3,"(32.252, 48.168]",2,"(-0.512, 128.082]",1
517,0,3,0,27,0,0,24,2,1,2,1,1,0,79,12,,1,"(-0.512, 128.082]",2
518,1,2,1,36,1,0,26,0,3,7,2,0,1,72,3,"(32.252, 48.168]",2,"(-0.512, 128.082]",2
519,0,3,0,32,0,0,7,0,1,2,1,1,0,96,3,"(16.336, 32.252]",1,"(-0.512, 128.082]",0
520,1,1,1,30,0,0,93,0,2,2,1,1,0,30,46,"(16.336, 32.252]",1,"(-0.512, 128.082]",3
521,0,3,0,22,0,0,7,0,1,2,1,1,0,66,3,"(16.336, 32.252]",1,"(-0.512, 128.082]",0
522,0,3,0,26,0,0,7,1,1,2,1,1,0,80,3,,1,"(-0.512, 128.082]",0
523,1,1,1,44,0,1,57,1,3,6,2,0,1,44,9,"(32.252, 48.168]",2,"(-0.512, 128.082]",3
524,0,3,0,26,0,0,7,1,1,2,1,1,0,80,3,,1,"(-0.512, 128.082]",0
525,0,3,0,40,0,0,7,2,1,2,1,1,0,121,3,"(32.252, 48.168]",2,"(-0.512, 128.082]",0
526,1,2,1,50,0,0,10,0,2,2,1,1,0,100,5,"(48.168, 64.084]",3,"(-0.512, 128.082]",1
527,0,1,0,42,0,0,221,0,1,2,1,1,0,53,110,,2,"(128.082, 256.165]",3
528,0,3,0,39,0,0,7,0,1,3,1,1,0,117,2,"(32.252, 48.168]",2,"(-0.512, 128.082]",0
529,0,2,0,23,2,1,11,0,1,3,4,0,3,46,3,"(16.336, 32.252]",1,"(-0.512, 128.082]",1
530,1,2,1,2,1,1,26,0,2,3,3,0,2,4,8,"(0.34, 16.336]",0,"(-0.512, 128.082]",2
531,0,3,0,26,0,0,7,1,1,2,1,1,0,80,3,,1,"(-0.512, 128.082]",0
532,0,3,0,17,1,1,7,1,1,3,3,0,2,51,2,"(16.336, 32.252]",1,"(-0.512, 128.082]",0
533,1,3,1,19,0,2,22,1,3,4,3,0,2,68,5,,1,"(-0.512, 128.082]",2
534,0,3,1,30,0,0,8,0,2,2,1,1,0,90,4,"(16.336, 32.252]",1,"(-0.512, 128.082]",1
535,1,2,1,7,0,2,26,0,2,3,3,0,2,14,8,"(0.34, 16.336]",0,"(-0.512, 128.082]",2
536,0,1,0,45,0,0,26,0,5,3,1,1,0,45,8,"(32.252, 48.168]",2,"(-0.512, 128.082]",2
537,1,1,1,30,0,0,106,1,2,2,1,1,0,30,53,"(16.336, 32.252]",1,"(-0.512, 128.082]",3
538,0,3,0,27,0,0,14,0,1,3,1,1,0,84,4,,1,"(-0.512, 128.082]",1
539,1,1,1,22,0,2,49,1,2,3,3,0,2,22,16,"(16.336, 32.252]",1,"(-0.512, 128.082]",3
540,1,1,1,36,0,2,71,0,2,3,3,0,2,36,23,"(32.252, 48.168]",2,"(-0.512, 128.082]",3
541,0,3,1,9,4,2,31,0,2,3,7,0,6,27,10,"(0.34, 16.336]",0,"(-0.512, 128.082]",2
542,0,3,1,11,4,2,31,0,2,3,7,0,6,33,10,"(0.34, 16.336]",0,"(-0.512, 128.082]",2
543,1,2,0,32,1,0,26,0,1,2,2,0,1,64,13,"(16.336, 32.252]",1,"(-0.512, 128.082]",2
544,0,1,0,50,1,0,106,1,1,3,2,0,1,50,35,"(48.168, 64.084]",3,"(-0.512, 128.082]",3
545,0,1,0,64,0,0,26,0,1,3,1,1,0,64,8,"(48.168, 64.084]",3,"(-0.512, 128.082]",2
546,1,2,1,19,1,0,26,0,3,4,2,0,1,38,6,"(16.336, 32.252]",1,"(-0.512, 128.082]",2
547,1,2,0,32,0,0,13,1,1,4,1,1,0,60,3,,1,"(-0.512, 128.082]",1
548,0,3,0,33,1,1,20,0,1,3,3,0,2,99,6,"(32.252, 48.168]",2,"(-0.512, 128.082]",2
549,1,2,0,8,1,1,36,0,4,4,3,0,2,16,9,"(0.34, 16.336]",0,"(-0.512, 128.082]",3
550,1,1,0,17,0,2,110,1,1,4,3,0,2,17,27,"(16.336, 32.252]",1,"(-0.512, 128.082]",3
551,0,2,0,27,0,0,26,0,1,4,1,1,0,54,6,"(16.336, 32.252]",1,"(-0.512, 128.082]",2
552,0,3,0,27,0,0,7,2,1,2,1,1,0,79,3,,1,"(-0.512, 128.082]",0
553,1,3,0,22,0,0,7,1,1,4,1,1,0,66,1,"(16.336, 32.252]",1,"(-0.512, 128.082]",0
554,1,3,1,22,0,0,7,0,2,2,1,1,0,66,3,"(16.336, 32.252]",1,"(-0.512, 128.082]",0
555,0,1,0,62,0,0,26,0,1,2,1,1,0,62,13,"(48.168, 64.084]",3,"(-0.512, 128.082]",2
556,1,1,1,48,1,0,39,1,5,7,2,0,1,48,5,"(32.252, 48.168]",2,"(-0.512, 128.082]",3
557,0,1,0,42,0,0,227,1,1,2,1,1,0,52,113,,2,"(128.082, 256.165]",3
558,1,1,1,39,1,1,79,0,3,4,3,0,2,39,19,"(32.252, 48.168]",2,"(-0.512, 128.082]",3
559,1,3,1,36,1,0,17,0,3,5,2,0,1,108,3,"(32.252, 48.168]",2,"(-0.512, 128.082]",2
560,0,3,0,28,0,0,7,2,1,3,1,1,0,82,2,,1,"(-0.512, 128.082]",0
561,0,3,0,40,0,0,7,0,1,2,1,1,0,120,3,"(32.252, 48.168]",2,"(-0.512, 128.082]",0
562,0,2,0,28,0,0,13,0,1,3,1,1,0,56,4,"(16.336, 32.252]",1,"(-0.512, 128.082]",1
563,0,3,0,26,0,0,8,0,1,2,1,1,0,81,4,,1,"(-0.512, 128.082]",1
564,0,3,1,27,0,0,8,0,2,3,1,1,0,82,2,,1,"(-0.512, 128.082]",1
565,0,3,0,24,2,0,24,0,1,3,3,0,2,72,8,"(16.336, 32.252]",1,"(-0.512, 128.082]",2
566,0,3,0,19,0,0,7,0,1,2,1,1,0,57,3,"(16.336, 32.252]",1,"(-0.512, 128.082]",0
567,0,3,1,29,0,4,21,0,3,5,5,0,4,87,4,"(16.336, 32.252]",1,"(-0.512, 128.082]",2
568,0,3,0,26,0,0,7,1,1,2,1,1,0,80,3,,1,"(-0.512, 128.082]",0
569,1,3,0,32,0,0,7,0,1,2,1,1,0,96,3,"(16.336, 32.252]",1,"(-0.512, 128.082]",0
570,1,2,0,62,0,0,10,0,1,2,1,1,0,124,5,"(48.168, 64.084]",3,"(-0.512, 128.082]",1
571,1,1,1,53,2,0,51,0,3,5,3,0,2,53,10,"(48.168, 64.084]",3,"(-0.512, 128.082]",3
572,1,1,0,36,0,0,26,0,1,4,1,1,0,36,6,"(32.252, 48.168]",2,"(-0.512, 128.082]",2
573,1,3,1,20,0,0,7,2,2,2,1,1,0,66,3,,1,"(-0.512, 128.082]",0
574,0,3,0,16,0,0,8,0,1,4,1,1,0,48,2,"(0.34, 16.336]",0,"(-0.512, 128.082]",1
575,0,3,0,19,0,0,14,0,1,2,1,1,0,57,7,"(16.336, 32.252]",1,"(-0.512, 128.082]",1
576,1,2,1,34,0,0,13,0,2,2,1,1,0,68,6,"(32.252, 48.168]",2,"(-0.512, 128.082]",1
577,1,1,1,39,1,0,55,0,3,5,2,0,1,39,11,"(32.252, 48.168]",2,"(-0.512, 128.082]",3
578,0,3,1,23,1,0,14,1,3,4,2,0,1,71,3,,1,"(-0.512, 128.082]",1
579,1,3,0,32,0,0,7,0,1,2,1,1,0,96,3,"(16.336, 32.252]",1,"(-0.512, 128.082]",0
580,1,2,1,25,1,1,30,0,2,3,3,0,2,50,10,"(16.336, 32.252]",1,"(-0.512, 128.082]",2
581,1,1,1,39,1,1,110,1,3,6,3,0,2,39,18,"(32.252, 48.168]",2,"(-0.512, 128.082]",3
582,0,2,0,54,0,0,26,0,1,3,1,1,0,108,8,"(48.168, 64.084]",3,"(-0.512, 128.082]",2
583,0,1,0,36,0,0,40,1,1,3,1,1,0,36,13,"(32.252, 48.168]",2,"(-0.512, 128.082]",3
584,0,3,0,26,0,0,8,1,1,2,1,1,0,80,4,,1,"(-0.512, 128.082]",1
585,1,1,1,18,0,2,79,0,2,2,3,0,2,18,39,"(16.336, 32.252]",1,"(-0.512, 128.082]",3
586,0,2,0,47,0,0,15,0,1,3,1,1,0,94,5,"(32.252, 48.168]",2,"(-0.512, 128.082]",2
587,1,1,0,60,1,1,79,1,1,2,3,0,2,60,39,"(48.168, 64.084]",3,"(-0.512, 128.082]",3
588,0,3,0,22,0,0,8,0,1,2,1,1,0,66,4,"(16.336, 32.252]",1,"(-0.512, 128.082]",1
589,0,3,0,26,0,0,8,0,1,2,1,1,0,81,4,,1,"(-0.512, 128.082]",1
590,0,3,0,35,0,0,7,0,1,2,1,1,0,105,3,"(32.252, 48.168]",2,"(-0.512, 128.082]",0
591,1,1,1,52,1,0,78,1,3,5,2,0,1,52,15,"(48.168, 64.084]",3,"(-0.512, 128.082]",3
592,0,3,0,47,0,0,7,0,1,3,1,1,0,141,2,"(32.252, 48.168]",2,"(-0.512, 128.082]",0
593,0,3,1,23,0,2,7,2,2,2,3,0,2,75,3,,1,"(-0.512, 128.082]",0
594,0,2,0,37,1,0,26,0,1,3,2,0,1,74,8,"(32.252, 48.168]",2,"(-0.512, 128.082]",2
595,0,3,0,36,1,1,24,0,1,4,3,0,2,108,6,"(32.252, 48.168]",2,"(-0.512, 128.082]",2
596,1,2,1,30,0,0,33,0,2,3,1,1,0,57,11,,1,"(-0.512, 128.082]",3
597,0,3,0,49,0,0,0,0,1,2,1,1,0,147,0,"(48.168, 64.084]",3,"(-0.512, 128.082]",0
598,0,3,0,26,0,0,7,1,1,2,1,1,0,80,3,,1,"(-0.512, 128.082]",0
599,1,1,0,49,1,0,56,1,5,6,2,0,1,49,9,"(48.168, 64.084]",3,"(-0.512, 128.082]",3
600,1,2,1,24,2,1,27,0,3,6,4,0,3,48,4,"(16.336, 32.252]",1,"(-0.512, 128.082]",2
601,0,3,0,26,0,0,7,0,1,2,1,1,0,81,3,,1,"(-0.512, 128.082]",0
602,0,1,0,45,0,0,42,0,1,3,1,1,0,56,14,,2,"(-0.512, 128.082]",3
603,0,3,0,44,0,0,8,0,1,3,1,1,0,132,2,"(32.252, 48.168]",2,"(-0.512, 128.082]",1
604,1,1,0,35,0,0,26,1,1,5,1,1,0,35,5,"(32.252, 48.168]",2,"(-0.512, 128.082]",2
605,0,3,0,36,1,0,15,0,1,3,2,0,1,108,5,"(32.252, 48.168]",2,"(-0.512, 128.082]",2
606,0,3,0,30,0,0,7,0,1,2,1,1,0,90,3,"(16.336, 32.252]",1,"(-0.512, 128.082]",0
607,1,1,0,27,0,0,30,0,1,3,1,1,0,27,10,"(16.336, 32.252]",1,"(-0.512, 128.082]",2
608,1,2,1,22,1,2,41,1,3,6,4,0,3,44,6,"(16.336, 32.252]",1,"(-0.512, 128.082]",3
609,1,1,1,40,0,0,153,0,2,3,1,1,0,40,51,"(32.252, 48.168]",2,"(128.082, 256.165]",3
610,0,3,1,39,1,5,31,0,3,6,7,0,6,117,5,"(32.252, 48.168]",2,"(-0.512, 128.082]",2
611,0,3,0,27,0,0,7,0,1,3,1,1,0,84,2,,1,"(-0.512, 128.082]",0
612,1,3,1,17,1,0,15,2,2,3,2,0,1,57,5,,1,"(-0.512, 128.082]",2
613,0,3,0,27,0,0,7,2,1,2,1,1,0,79,3,,1,"(-0.512, 128.082]",0
614,0,3,0,35,0,0,8,0,1,3,1,1,0,105,2,"(32.252, 48.168]",2,"(-0.512, 128.082]",1
615,1,2,1,24,1,2,65,0,2,2,4,0,3,48,32,"(16.336, 32.252]",1,"(-0.512, 128.082]",3
616,0,3,0,34,1,1,14,0,1,3,3,0,2,102,4,"(32.252, 48.168]",2,"(-0.512, 128.082]",1
617,0,3,1,26,1,0,16,0,3,6,2,0,1,78,2,"(16.336, 32.252]",1,"(-0.512, 128.082]",2
618,1,2,1,4,2,1,39,0,2,3,4,0,3,8,13,"(0.34, 16.336]",0,"(-0.512, 128.082]",3
619,0,2,0,26,0,0,10,0,1,2,1,1,0,52,5,"(16.336, 32.252]",1,"(-0.512, 128.082]",1
620,0,3,0,27,1,0,14,1,1,2,2,0,1,81,7,"(16.336, 32.252]",1,"(-0.512, 128.082]",1
621,1,1,0,42,1,0,52,0,1,4,2,0,1,42,13,"(32.252, 48.168]",2,"(-0.512, 128.082]",3
622,1,3,0,20,1,1,15,1,1,2,3,0,2,60,7,"(16.336, 32.252]",1,"(-0.512, 128.082]",2
623,0,3,0,21,0,0,7,0,1,3,1,1,0,63,2,"(16.336, 32.252]",1,"(-0.512, 128.082]",0
624,0,3,0,21,0,0,16,0,1,4,1,1,0,63,4,"(16.336, 32.252]",1,"(-0.512, 128.082]",2
625,0,1,0,61,0,0,32,0,1,2,1,1,0,61,16,"(48.168, 64.084]",3,"(-0.512, 128.082]",3
626,0,2,0,57,0,0,12,2,5,3,1,1,0,114,4,"(48.168, 64.084]",3,"(-0.512, 128.082]",1
627,1,1,1,21,0,0,77,0,2,3,1,1,0,21,25,"(16.336, 32.252]",1,"(-0.512, 128.082]",3
628,0,3,0,26,0,0,7,0,1,2,1,1,0,78,3,"(16.336, 32.252]",1,"(-0.512, 128.082]",0
629,0,3,0,28,0,0,7,2,1,3,1,1,0,82,2,,1,"(-0.512, 128.082]",0
630,1,1,0,80,0,0,30,0,1,4,1,1,0,80,7,"(64.084, 80.0]",4,"(-0.512, 128.082]",2
631,0,3,0,51,0,0,7,0,1,3,1,1,0,153,2,"(48.168, 64.084]",3,"(-0.512, 128.082]",0
632,1,1,0,32,0,0,30,1,5,2,1,1,0,32,15,"(16.336, 32.252]",1,"(-0.512, 128.082]",2
633,0,1,0,47,0,0,0,0,1,4,1,1,0,59,0,,2,"(-0.512, 128.082]",0
634,0,3,1,9,3,2,27,0,2,2,6,0,5,27,13,"(0.34, 16.336]",0,"(-0.512, 128.082]",2
635,1,2,1,28,0,0,13,0,2,2,1,1,0,56,6,"(16.336, 32.252]",1,"(-0.512, 128.082]",1
636,0,3,0,32,0,0,7,0,1,3,1,1,0,96,2,"(16.336, 32.252]",1,"(-0.512, 128.082]",0
637,0,2,0,31,1,1,26,0,1,2,3,0,2,62,13,"(16.336, 32.252]",1,"(-0.512, 128.082]",2
638,0,3,1,41,0,5,39,0,3,5,6,0,5,123,7,"(32.252, 48.168]",2,"(-0.512, 128.082]",3
639,0,3,0,21,1,0,16,0,1,2,2,0,1,69,8,,1,"(-0.512, 128.082]",2
640,0,3,0,20,0,0,7,0,1,3,1,1,0,60,2,"(16.336, 32.252]",1,"(-0.512, 128.082]",0
641,1,1,1,24,0,0,69,1,2,2,1,1,0,24,34,"(16.336, 32.252]",1,"(-0.512, 128.082]",3
642,0,3,1,2,3,2,27,0,2,3,6,0,5,6,9,"(0.34, 16.336]",0,"(-0.512, 128.082]",2
643,1,3,0,20,0,0,56,0,1,2,1,1,0,69,28,,1,"(-0.512, 128.082]",3
644,1,3,1,0,2,1,19,1,2,2,4,0,3,2,9,"(0.34, 16.336]",0,"(-0.512, 128.082]",2
645,1,1,0,48,1,0,76,1,1,3,2,0,1,48,25,"(32.252, 48.168]",2,"(-0.512, 128.082]",3
646,0,3,0,19,0,0,7,0,1,2,1,1,0,57,3,"(16.336, 32.252]",1,"(-0.512, 128.082]",0
647,1,1,0,56,0,0,35,1,5,3,1,1,0,56,11,"(48.168, 64.084]",3,"(-0.512, 128.082]",3
648,0,3,0,26,0,0,7,0,1,2,1,1,0,81,3,,1,"(-0.512, 128.082]",0
649,1,3,1,23,0,0,7,0,2,4,1,1,0,69,1,"(16.336, 32.252]",1,"(-0.512, 128.082]",0
650,0,3,0,26,0,0,7,0,1,2,1,1,0,81,3,,1,"(-0.512, 128.082]",0
651,1,2,1,18,0,1,23,0,2,2,2,0,1,36,11,"(16.336, 32.252]",1,"(-0.512, 128.082]",2
652,0,3,0,21,0,0,8,0,1,3,1,1,0,63,2,"(16.336, 32.252]",1,"(-0.512, 128.082]",1
653,1,3,1,22,0,0,7,2,2,3,1,1,0,69,2,,1,"(-0.512, 128.082]",0
654,0,3,1,18,0,0,6,2,2,3,1,1,0,54,2,"(16.336, 32.252]",1,"(-0.512, 128.082]",0
655,0,2,0,24,2,0,73,0,1,3,3,0,2,48,24,"(16.336, 32.252]",1,"(-0.512, 128.082]",3
656,0,3,0,26,0,0,7,0,1,2,1,1,0,81,3,,1,"(-0.512, 128.082]",0
657,0,3,1,32,1,1,15,2,3,3,3,0,2,96,5,"(16.336, 32.252]",1,"(-0.512, 128.082]",2
658,0,2,0,23,0,0,13,0,1,3,1,1,0,46,4,"(16.336, 32.252]",1,"(-0.512, 128.082]",1
659,0,1,0,58,0,2,113,1,1,3,3,0,2,58,37,"(48.168, 64.084]",3,"(-0.512, 128.082]",3
660,1,1,0,50,2,0,133,0,5,3,3,0,2,50,44,"(48.168, 64.084]",3,"(128.082, 256.165]",3
661,0,3,0,40,0,0,7,1,1,2,1,1,0,120,3,"(32.252, 48.168]",2,"(-0.512, 128.082]",0
662,0,1,0,47,0,0,25,0,1,3,1,1,0,47,8,"(32.252, 48.168]",2,"(-0.512, 128.082]",2
663,0,3,0,36,0,0,7,0,1,2,1,1,0,108,3,"(32.252, 48.168]",2,"(-0.512, 128.082]",0
664,1,3,0,20,1,0,7,0,1,3,2,0,1,60,2,"(16.336, 32.252]",1,"(-0.512, 128.082]",0
665,0,2,0,32,2,0,73,0,1,2,3,0,2,64,36,"(16.336, 32.252]",1,"(-0.512, 128.082]",3
666,0,2,0,25,0,0,13,0,1,3,1,1,0,50,4,"(16.336, 32.252]",1,"(-0.512, 128.082]",1
667,0,3,0,27,0,0,7,0,1,3,1,1,0,84,2,,1,"(-0.512, 128.082]",0
668,0,3,0,43,0,0,8,0,1,2,1,1,0,129,4,"(32.252, 48.168]",2,"(-0.512, 128.082]",1
669,1,1,1,38,1,0,52,0,3,6,2,0,1,38,8,,2,"(-0.512, 128.082]",3
670,1,2,1,40,1,1,39,0,3,7,3,0,2,80,5,"(32.252, 48.168]",2,"(-0.512, 128.082]",3
671,0,1,0,31,1,0,52,0,1,2,2,0,1,31,26,"(16.336, 32.252]",1,"(-0.512, 128.082]",3
672,0,2,0,70,0,0,10,0,1,3,1,1,0,140,3,"(64.084, 80.0]",4,"(-0.512, 128.082]",1
673,1,2,0,31,0,0,13,0,1,2,1,1,0,62,6,"(16.336, 32.252]",1,"(-0.512, 128.082]",1
674,0,2,0,37,0,0,0,0,1,3,1,1,0,70,0,,2,"(-0.512, 128.082]",0
675,0,3,0,18,0,0,7,0,1,3,1,1,0,54,2,"(16.336, 32.252]",1,"(-0.512, 128.082]",0
676,0,3,0,24,0,0,8,0,1,3,1,1,0,73,2,"(16.336, 32.252]",1,"(-0.512, 128.082]",1
677,1,3,1,18,0,0,9,0,2,3,1,1,0,54,3,"(16.336, 32.252]",1,"(-0.512, 128.082]",1
678,0,3,1,43,1,6,46,0,3,4,8,0,7,129,11,"(32.252, 48.168]",2,"(-0.512, 128.082]",3
679,1,1,0,36,0,1,512,1,1,4,2,0,1,36,128,"(32.252, 48.168]",2,"(384.247, 512.329]",3
680,0,3,1,26,0,0,8,2,2,2,1,1,0,77,4,,1,"(-0.512, 128.082]",1
681,1,1,0,27,0,0,76,1,1,2,1,1,0,27,38,"(16.336, 32.252]",1,"(-0.512, 128.082]",3
682,0,3,0,20,0,0,9,0,1,3,1,1,0,60,3,"(16.336, 32.252]",1,"(-0.512, 128.082]",1
683,0,3,0,14,5,2,46,0,1,3,8,0,7,42,15,"(0.34, 16.336]",0,"(-0.512, 128.082]",3
684,0,2,0,60,1,1,39,0,1,4,3,0,2,120,9,"(48.168, 64.084]",3,"(-0.512, 128.082]",3
685,0,2,0,25,1,2,41,1,1,4,4,0,3,50,10,"(16.336, 32.252]",1,"(-0.512, 128.082]",3
686,0,3,0,14,4,1,39,0,1,3,6,0,5,42,13,"(0.34, 16.336]",0,"(-0.512, 128.082]",3
687,0,3,0,19,0,0,10,0,1,2,1,1,0,57,5,"(16.336, 32.252]",1,"(-0.512, 128.082]",1
688,0,3,0,18,0,0,7,0,1,3,1,1,0,54,2,"(16.336, 32.252]",1,"(-0.512, 128.082]",0
689,1,1,1,15,0,1,211,0,2,3,2,0,1,15,70,"(0.34, 16.336]",0,"(128.082, 256.165]",3
690,1,1,0,31,1,0,57,0,1,3,2,0,1,31,19,"(16.336, 32.252]",1,"(-0.512, 128.082]",3
691,1,3,1,4,0,1,13,1,2,2,2,0,1,12,6,"(0.34, 16.336]",0,"(-0.512, 128.082]",1
692,1,3,0,20,0,0,56,0,1,2,1,1,0,69,28,,1,"(-0.512, 128.082]",3
693,0,3,0,25,0,0,7,1,1,2,1,1,0,75,3,"(16.336, 32.252]",1,"(-0.512, 128.082]",0
694,0,1,0,60,0,0,26,0,5,2,1,1,0,60,13,"(48.168, 64.084]",3,"(-0.512, 128.082]",2
695,0,2,0,52,0,0,13,0,1,3,1,1,0,104,4,"(48.168, 64.084]",3,"(-0.512, 128.082]",1
696,0,3,0,44,0,0,8,0,1,2,1,1,0,132,4,"(32.252, 48.168]",2,"(-0.512, 128.082]",1
697,1,3,1,22,0,0,7,2,2,3,1,1,0,69,2,,1,"(-0.512, 128.082]",0
698,0,1,0,49,1,1,110,1,1,3,3,0,2,49,36,"(48.168, 64.084]",3,"(-0.512, 128.082]",3
699,0,3,0,42,0,0,7,0,1,5,1,1,0,126,1,"(32.252, 48.168]",2,"(-0.512, 128.082]",0
700,1,1,1,18,1,0,227,1,3,6,2,0,1,18,37,"(16.336, 32.252]",1,"(128.082, 256.165]",3
701,1,1,0,35,0,0,26,0,1,3,1,1,0,35,8,"(32.252, 48.168]",2,"(-0.512, 128.082]",2
702,0,3,1,18,0,1,14,1,2,2,2,0,1,54,7,"(16.336, 32.252]",1,"(-0.512, 128.082]",1
703,0,3,0,25,0,0,7,2,1,2,1,1,0,75,3,"(16.336, 32.252]",1,"(-0.512, 128.082]",0
704,0,3,0,26,1,0,7,0,1,3,2,0,1,78,2,"(16.336, 32.252]",1,"(-0.512, 128.082]",0
705,0,2,0,39,0,0,26,0,1,6,1,1,0,78,4,"(32.252, 48.168]",2,"(-0.512, 128.082]",2
706,1,2,1,45,0,0,13,0,3,3,1,1,0,90,4,"(32.252, 48.168]",2,"(-0.512, 128.082]",1
707,1,1,0,42,0,0,26,0,1,3,1,1,0,42,8,"(32.252, 48.168]",2,"(-0.512, 128.082]",2
708,1,1,1,22,0,0,151,0,2,2,1,1,0,22,75,"(16.336, 32.252]",1,"(128.082, 256.165]",3
709,1,3,0,19,1,1,15,1,4,5,3,0,2,61,3,,1,"(-0.512, 128.082]",2
710,1,1,1,24,0,0,49,1,2,6,1,1,0,24,8,"(16.336, 32.252]",1,"(-0.512, 128.082]",3
711,0,1,0,44,0,0,26,0,1,2,1,1,0,53,13,,2,"(-0.512, 128.082]",2
712,1,1,0,48,1,0,52,0,1,3,2,0,1,48,17,"(32.252, 48.168]",2,"(-0.512, 128.082]",3
713,0,3,0,29,0,0,9,0,1,3,1,1,0,87,3,"(16.336, 32.252]",1,"(-0.512, 128.082]",1
714,0,2,0,52,0,0,13,0,1,2,1,1,0,104,6,"(48.168, 64.084]",3,"(-0.512, 128.082]",1
715,0,3,0,19,0,0,7,0,1,5,1,1,0,57,1,"(16.336, 32.252]",1,"(-0.512, 128.082]",0
716,1,1,1,38,0,0,227,1,2,3,1,1,0,38,75,"(32.252, 48.168]",2,"(128.082, 256.165]",3
717,1,2,1,27,0,0,10,0,2,4,1,1,0,54,2,"(16.336, 32.252]",1,"(-0.512, 128.082]",1
718,0,3,0,27,0,0,15,2,1,2,1,1,0,79,7,,1,"(-0.512, 128.082]",2
719,0,3,0,33,0,0,7,0,1,3,1,1,0,99,2,"(32.252, 48.168]",2,"(-0.512, 128.082]",0
720,1,2,1,6,0,1,33,0,2,4,2,0,1,12,8,"(0.34, 16.336]",0,"(-0.512, 128.082]",3
721,0,3,0,17,1,0,7,0,1,3,2,0,1,51,2,"(16.336, 32.252]",1,"(-0.512, 128.082]",0
722,0,2,0,34,0,0,13,0,1,3,1,1,0,68,4,"(32.252, 48.168]",2,"(-0.512, 128.082]",1
723,0,2,0,50,0,0,13,0,1,3,1,1,0,100,4,"(48.168, 64.084]",3,"(-0.512, 128.082]",1
724,1,1,0,27,1,0,53,0,1,3,2,0,1,27,17,"(16.336, 32.252]",1,"(-0.512, 128.082]",3
725,0,3,0,20,0,0,8,0,1,2,1,1,0,60,4,"(16.336, 32.252]",1,"(-0.512, 128.082]",1
726,1,2,1,30,3,0,21,0,3,5,4,0,3,60,4,"(16.336, 32.252]",1,"(-0.512, 128.082]",2
727,1,3,1,20,0,0,7,2,2,2,1,1,0,66,3,,1,"(-0.512, 128.082]",0
728,0,2,0,25,1,0,26,0,1,4,2,0,1,50,6,"(16.336, 32.252]",1,"(-0.512, 128.082]",2
729,0,3,1,25,1,0,7,0,2,3,2,0,1,75,2,"(16.336, 32.252]",1,"(-0.512, 128.082]",0
730,1,1,1,29,0,0,211,0,2,3,1,1,0,29,70,"(16.336, 32.252]",1,"(128.082, 256.165]",3
731,0,3,0,11,0,0,18,1,1,4,1,1,0,33,4,"(0.34, 16.336]",0,"(-0.512, 128.082]",2
732,0,2,0,37,0,0,0,0,1,3,1,1,0,70,0,,2,"(-0.512, 128.082]",0
733,0,2,0,23,0,0,13,0,1,3,1,1,0,46,4,"(16.336, 32.252]",1,"(-0.512, 128.082]",1
734,0,2,0,23,0,0,13,0,1,3,1,1,0,46,4,"(16.336, 32.252]",1,"(-0.512, 128.082]",1
735,0,3,0,28,0,0,16,0,1,2,1,1,0,85,8,"(16.336, 32.252]",1,"(-0.512, 128.082]",2
736,0,3,1,48,1,3,34,0,3,5,5,0,4,144,6,"(32.252, 48.168]",2,"(-0.512, 128.082]",3
737,1,1,0,35,0,0,512,1,1,3,1,1,0,35,170,"(32.252, 48.168]",2,"(384.247, 512.329]",3
738,0,3,0,26,0,0,7,0,1,2,1,1,0,81,3,,1,"(-0.512, 128.082]",0
739,0,3,0,26,0,0,7,0,1,2,1,1,0,81,3,,1,"(-0.512, 128.082]",0
740,1,1,0,40,0,0,30,0,1,3,1,1,0,45,10,,2,"(-0.512, 128.082]",2
741,0,1,0,36,1,0,78,0,1,3,2,0,1,36,26,"(32.252, 48.168]",2,"(-0.512, 128.082]",3
742,1,1,1,21,2,2,262,1,2,4,5,0,4,21,65,"(16.336, 32.252]",1,"(256.165, 384.247]",3
743,0,3,0,24,1,0,16,0,1,2,2,0,1,72,8,"(16.336, 32.252]",1,"(-0.512, 128.082]",2
744,1,3,0,31,0,0,7,0,1,2,1,1,0,93,3,"(16.336, 32.252]",1,"(-0.512, 128.082]",0
745,0,1,0,70,1,1,71,0,5,3,3,0,2,70,23,"(64.084, 80.0]",4,"(-0.512, 128.082]",3
746,0,3,0,16,1,1,20,0,1,3,3,0,2,48,6,"(0.34, 16.336]",0,"(-0.512, 128.082]",2
747,1,2,1,30,0,0,13,0,2,2,1,1,0,60,6,"(16.336, 32.252]",1,"(-0.512, 128.082]",1
748,0,1,0,19,1,0,53,0,1,3,2,0,1,19,17,"(16.336, 32.252]",1,"(-0.512, 128.082]",3
749,0,3,0,31,0,0,7,2,1,2,1,1,0,93,3,"(16.336, 32.252]",1,"(-0.512, 128.082]",0
750,1,2,1,4,1,1,23,0,2,2,3,0,2,8,11,"(0.34, 16.336]",0,"(-0.512, 128.082]",2
751,1,3,0,6,0,1,12,0,4,2,2,0,1,18,6,"(0.34, 16.336]",0,"(-0.512, 128.082]",1
752,0,3,0,33,0,0,9,0,1,4,1,1,0,99,2,"(32.252, 48.168]",2,"(-0.512, 128.082]",1
753,0,3,0,23,0,0,7,0,1,2,1,1,0,69,3,"(16.336, 32.252]",1,"(-0.512, 128.082]",0
754,1,2,1,48,1,2,65,0,3,4,4,0,3,96,16,"(32.252, 48.168]",2,"(-0.512, 128.082]",3
755,1,2,0,0,1,1,14,0,4,2,3,0,2,1,7,"(0.34, 16.336]",0,"(-0.512, 128.082]",1
756,0,3,0,28,0,0,7,0,1,3,1,1,0,84,2,"(16.336, 32.252]",1,"(-0.512, 128.082]",0
757,0,2,0,18,0,0,11,0,1,3,1,1,0,36,3,"(16.336, 32.252]",1,"(-0.512, 128.082]",1
758,0,3,0,34,0,0,8,0,1,3,1,1,0,102,2,"(32.252, 48.168]",2,"(-0.512, 128.082]",1
759,1,1,1,33,0,0,86,0,5,7,1,1,0,33,12,"(32.252, 48.168]",2,"(-0.512, 128.082]",3
760,0,3,0,26,0,0,14,0,1,2,1,1,0,81,7,,1,"(-0.512, 128.082]",1
761,0,3,0,41,0,0,7,0,1,4,1,1,0,123,1,"(32.252, 48.168]",2,"(-0.512, 128.082]",0
762,1,3,0,20,0,0,7,1,1,3,1,1,0,60,2,"(16.336, 32.252]",1,"(-0.512, 128.082]",0
763,1,1,1,36,1,2,120,0,3,5,4,0,3,36,24,"(32.252, 48.168]",2,"(-0.512, 128.082]",3
764,0,3,0,16,0,0,7,0,1,3,1,1,0,48,2,"(0.34, 16.336]",0,"(-0.512, 128.082]",0
765,1,1,1,51,1,0,77,0,3,5,2,0,1,51,15,"(48.168, 64.084]",3,"(-0.512, 128.082]",3
766,0,1,0,45,0,0,39,1,5,3,1,1,0,50,13,,2,"(-0.512, 128.082]",3
767,0,3,1,30,0,0,7,2,2,2,1,1,0,91,3,"(16.336, 32.252]",1,"(-0.512, 128.082]",0
768,0,3,0,23,1,0,24,2,1,3,2,0,1,70,8,,1,"(-0.512, 128.082]",2
769,0,3,0,32,0,0,8,0,1,3,1,1,0,96,2,"(16.336, 32.252]",1,"(-0.512, 128.082]",1
770,0,3,0,24,0,0,9,0,1,3,1,1,0,72,3,"(16.336, 32.252]",1,"(-0.512, 128.082]",1
771,0,3,0,48,0,0,7,0,1,3,1,1,0,144,2,"(32.252, 48.168]",2,"(-0.512, 128.082]",0
772,0,2,1,57,0,0,10,0,3,2,1,1,0,114,5,"(48.168, 64.084]",3,"(-0.512, 128.082]",1
773,0,3,0,26,0,0,7,1,1,2,1,1,0,80,3,,1,"(-0.512, 128.082]",0
774,1,2,1,54,1,3,23,0,3,4,5,0,4,108,5,"(48.168, 64.084]",3,"(-0.512, 128.082]",2
775,0,3,0,18,0,0,7,0,1,5,1,1,0,54,1,"(16.336, 32.252]",1,"(-0.512, 128.082]",0
776,0,3,0,27,0,0,7,2,1,2,1,1,0,79,3,,1,"(-0.512, 128.082]",0
777,1,3,1,5,0,0,12,0,2,3,1,1,0,15,4,"(0.34, 16.336]",0,"(-0.512, 128.082]",1
778,0,3,0,28,0,0,7,2,1,3,1,1,0,82,2,,1,"(-0.512, 128.082]",0
779,1,1,1,43,0,1,211,0,3,6,2,0,1,43,35,"(32.252, 48.168]",2,"(128.082, 256.165]",3
780,1,3,1,13,0,0,7,1,2,2,1,1,0,39,3,"(0.34, 16.336]",0,"(-0.512, 128.082]",0
781,1,1,1,17,1,0,57,0,3,5,2,0,1,17,11,"(16.336, 32.252]",1,"(-0.512, 128.082]",3
782,0,1,0,29,0,0,30,0,1,3,1,1,0,29,10,"(16.336, 32.252]",1,"(-0.512, 128.082]",2
783,0,3,0,21,1,2,23,0,1,3,4,0,3,71,7,,1,"(-0.512, 128.082]",2
784,0,3,0,25,0,0,7,0,1,2,1,1,0,75,3,"(16.336, 32.252]",1,"(-0.512, 128.082]",0
785,0,3,0,25,0,0,7,0,1,4,1,1,0,75,1,"(16.336, 32.252]",1,"(-0.512, 128.082]",0
786,1,3,1,18,0,0,7,0,2,3,1,1,0,54,2,"(16.336, 32.252]",1,"(-0.512, 128.082]",0
787,0,3,0,8,4,1,29,2,4,3,6,0,5,24,9,"(0.34, 16.336]",0,"(-0.512, 128.082]",2
788,1,3,0,1,1,2,20,0,4,3,4,0,3,3,6,"(0.34, 16.336]",0,"(-0.512, 128.082]",2
789,0,1,0,46,0,0,79,1,1,2,1,1,0,46,39,"(32.252, 48.168]",2,"(-0.512, 128.082]",3
790,0,3,0,28,0,0,7,2,1,3,1,1,0,82,2,,1,"(-0.512, 128.082]",0
791,0,2,0,16,0,0,26,0,1,2,1,1,0,32,13,"(0.34, 16.336]",0,"(-0.512, 128.082]",2
792,0,3,1,1,8,2,69,0,2,3,11,0,10,3,23,,0,"(-0.512, 128.082]",3
793,0,1,0,46,0,0,30,1,1,3,1,1,0,55,10,,2,"(-0.512, 128.082]",2
794,0,3,0,25,0,0,7,0,1,2,1,1,0,75,3,"(16.336, 32.252]",1,"(-0.512, 128.082]",0
795,0,2,0,39,0,0,13,0,1,2,1,1,0,78,6,"(32.252, 48.168]",2,"(-0.512, 128.082]",1
796,1,1,1,49,0,0,25,0,5,3,1,1,0,49,8,"(48.168, 64.084]",3,"(-0.512, 128.082]",2
797,1,3,1,31,0,0,8,0,3,2,1,1,0,93,4,"(16.336, 32.252]",1,"(-0.512, 128.082]",1
798,0,3,0,30,0,0,7,1,1,3,1,1,0,90,2,"(16.336, 32.252]",1,"(-0.512, 128.082]",0
799,0,3,1,30,1,1,24,0,3,7,3,0,2,90,3,"(16.336, 32.252]",1,"(-0.512, 128.082]",2
800,0,2,0,34,0,0,13,0,1,2,1,1,0,68,6,"(32.252, 48.168]",2,"(-0.512, 128.082]",1
801,1,2,1,31,1,1,26,0,3,5,3,0,2,62,5,"(16.336, 32.252]",1,"(-0.512, 128.082]",2
802,1,1,0,11,1,2,120,0,4,4,4,0,3,11,30,"(0.34, 16.336]",0,"(-0.512, 128.082]",3
803,1,3,0,0,0,1,8,1,4,3,2,0,1,1,2,"(0.34, 16.336]",0,"(-0.512, 128.082]",1
804,1,3,0,27,0,0,6,0,1,3,1,1,0,81,2,"(16.336, 32.252]",1,"(-0.512, 128.082]",0
805,0,3,0,31,0,0,7,0,1,3,1,1,0,93,2,"(16.336, 32.252]",1,"(-0.512, 128.082]",0
806,0,1,0,39,0,0,0,0,1,3,1,1,0,39,0,"(32.252, 48.168]",2,"(-0.512, 128.082]",0
807,0,3,1,18,0,0,7,0,2,3,1,1,0,54,2,"(16.336, 32.252]",1,"(-0.512, 128.082]",0
808,0,2,0,39,0,0,13,0,1,2,1,1,0,78,6,"(32.252, 48.168]",2,"(-0.512, 128.082]",1
809,1,1,1,33,1,0,53,0,3,5,2,0,1,33,10,"(32.252, 48.168]",2,"(-0.512, 128.082]",3
810,0,3,0,26,0,0,7,0,1,2,1,1,0,78,3,"(16.336, 32.252]",1,"(-0.512, 128.082]",0
811,0,3,0,39,0,0,24,0,1,2,1,1,0,117,12,"(32.252, 48.168]",2,"(-0.512, 128.082]",2
812,0,2,0,35,0,0,10,0,1,3,1,1,0,70,3,"(32.252, 48.168]",2,"(-0.512, 128.082]",1
813,0,3,1,6,4,2,31,0,2,4,7,0,6,18,7,"(0.34, 16.336]",0,"(-0.512, 128.082]",2
814,0,3,0,30,0,0,8,0,1,3,1,1,0,91,2,"(16.336, 32.252]",1,"(-0.512, 128.082]",1
815,0,1,0,44,0,0,0,0,1,2,1,1,0,53,0,,2,"(-0.512, 128.082]",0
816,0,3,1,23,0,0,7,0,2,3,1,1,0,69,2,"(16.336, 32.252]",1,"(-0.512, 128.082]",0
817,0,2,0,31,1,1,37,1,1,2,3,0,2,62,18,"(16.336, 32.252]",1,"(-0.512, 128.082]",3
818,0,3,0,43,0,0,6,0,1,4,1,1,0,129,1,"(32.252, 48.168]",2,"(-0.512, 128.082]",0
819,0,3,0,10,3,2,27,0,4,3,6,0,5,30,9,"(0.34, 16.336]",0,"(-0.512, 128.082]",2
820,1,1,1,52,1,1,93,0,3,6,3,0,2,52,15,"(48.168, 64.084]",3,"(-0.512, 128.082]",3
821,1,3,0,27,0,0,8,0,1,2,1,1,0,81,4,"(16.336, 32.252]",1,"(-0.512, 128.082]",1
822,0,1,0,38,0,0,0,0,5,3,1,1,0,38,0,"(32.252, 48.168]",2,"(-0.512, 128.082]",0
823,1,3,1,27,0,1,12,0,3,2,2,0,1,81,6,"(16.336, 32.252]",1,"(-0.512, 128.082]",1
824,0,3,0,2,4,1,39,0,4,3,6,0,5,6,13,"(0.34, 16.336]",0,"(-0.512, 128.082]",3
825,0,3,0,27,0,0,6,2,1,2,1,1,0,79,3,,1,"(-0.512, 128.082]",0
826,0,3,0,26,0,0,56,0,1,2,1,1,0,81,28,,1,"(-0.512, 128.082]",3
827,1,2,0,1,0,2,37,1,4,2,3,0,2,2,18,"(0.34, 16.336]",0,"(-0.512, 128.082]",3
828,1,3,0,22,0,0,7,2,1,3,1,1,0,70,2,,1,"(-0.512, 128.082]",0
829,1,1,1,62,0,0,80,0,3,5,1,1,0,62,16,"(48.168, 64.084]",3,"(-0.512, 128.082]",3
830,1,3,1,15,1,0,14,1,3,4,2,0,1,45,3,"(0.34, 16.336]",0,"(-0.512, 128.082]",1
831,1,2,0,0,1,1,18,0,4,3,3,0,2,1,6,"(0.34, 16.336]",0,"(-0.512, 128.082]",2
832,0,3,0,26,0,0,7,1,1,2,1,1,0,80,3,,1,"(-0.512, 128.082]",0
833,0,3,0,23,0,0,7,0,1,2,1,1,0,69,3,"(16.336, 32.252]",1,"(-0.512, 128.082]",0
834,0,3,0,18,0,0,8,0,1,3,1,1,0,54,2,"(16.336, 32.252]",1,"(-0.512, 128.082]",1
835,1,1,1,39,1,1,83,1,2,3,3,0,2,39,27,"(32.252, 48.168]",2,"(-0.512, 128.082]",3
836,0,3,0,21,0,0,8,0,1,2,1,1,0,63,4,"(16.336, 32.252]",1,"(-0.512, 128.082]",1
837,0,3,0,26,0,0,8,0,1,2,1,1,0,81,4,,1,"(-0.512, 128.082]",1
838,1,3,0,32,0,0,56,0,1,2,1,1,0,96,28,"(16.336, 32.252]",1,"(-0.512, 128.082]",3
839,1,1,0,39,0,0,29,1,1,2,1,1,0,41,14,,2,"(-0.512, 128.082]",2
840,0,3,0,20,0,0,7,0,1,3,1,1,0,60,2,"(16.336, 32.252]",1,"(-0.512, 128.082]",0
841,0,2,0,16,0,0,10,0,1,3,1,1,0,32,3,"(0.34, 16.336]",0,"(-0.512, 128.082]",1
842,1,1,1,30,0,0,31,1,2,2,1,1,0,30,15,"(16.336, 32.252]",1,"(-0.512, 128.082]",2
843,0,3,0,34,0,0,6,1,1,3,1,1,0,103,2,"(32.252, 48.168]",2,"(-0.512, 128.082]",0
844,0,3,0,17,0,0,8,0,1,2,1,1,0,51,4,"(16.336, 32.252]",1,"(-0.512, 128.082]",1
845,0,3,0,42,0,0,7,0,1,2,1,1,0,126,3,"(32.252, 48.168]",2,"(-0.512, 128.082]",0
846,0,3,0,2,8,2,69,0,1,3,11,0,10,5,23,,0,"(-0.512, 128.082]",3
847,0,3,0,35,0,0,7,1,1,2,1,1,0,105,3,"(32.252, 48.168]",2,"(-0.512, 128.082]",0
848,0,2,0,28,0,1,33,0,5,2,2,0,1,56,16,"(16.336, 32.252]",1,"(-0.512, 128.082]",3
849,1,1,1,36,1,0,89,1,3,5,2,0,1,34,17,,2,"(-0.512, 128.082]",3
850,0,3,0,4,4,2,31,0,4,4,7,0,6,12,7,"(0.34, 16.336]",0,"(-0.512, 128.082]",2
851,0,3,0,74,0,0,7,0,1,2,1,1,0,222,3,"(64.084, 80.0]",4,"(-0.512, 128.082]",0
852,0,3,1,9,1,1,15,1,2,2,3,0,2,27,7,"(0.34, 16.336]",0,"(-0.512, 128.082]",2
853,1,1,1,16,0,1,39,0,2,3,2,0,1,16,13,"(0.34, 16.336]",0,"(-0.512, 128.082]",3
854,0,2,1,44,1,0,26,0,3,5,2,0,1,88,5,"(32.252, 48.168]",2,"(-0.512, 128.082]",2
855,1,3,1,18,0,1,9,0,3,4,2,0,1,54,2,"(16.336, 32.252]",1,"(-0.512, 128.082]",1
856,1,1,1,45,1,1,164,0,3,5,3,0,2,45,32,"(32.252, 48.168]",2,"(128.082, 256.165]",3
857,1,1,0,51,0,0,26,0,1,3,1,1,0,51,8,"(48.168, 64.084]",3,"(-0.512, 128.082]",2
858,1,3,1,24,0,3,19,1,3,4,4,0,3,72,4,"(16.336, 32.252]",1,"(-0.512, 128.082]",2
859,0,3,0,26,0,0,7,1,1,2,1,1,0,80,3,,1,"(-0.512, 128.082]",0
860,0,3,0,41,2,0,14,0,1,3,3,0,2,123,4,"(32.252, 48.168]",2,"(-0.512, 128.082]",1
861,0,2,0,21,1,0,11,0,1,3,2,0,1,42,3,"(16.336, 32.252]",1,"(-0.512, 128.082]",1
862,1,1,1,48,0,0,25,0,3,6,1,1,0,48,4,"(32.252, 48.168]",2,"(-0.512, 128.082]",2
863,0,3,1,3,8,2,69,0,2,4,11,0,10,6,17,,0,"(-0.512, 128.082]",3
864,0,2,0,24,0,0,13,0,1,3,1,1,0,48,4,"(16.336, 32.252]",1,"(-0.512, 128.082]",1
865,1,2,1,42,0,0,13,0,3,2,1,1,0,84,6,"(32.252, 48.168]",2,"(-0.512, 128.082]",1
866,1,2,1,27,1,0,13,1,2,4,2,0,1,54,3,"(16.336, 32.252]",1,"(-0.512, 128.082]",1
867,0,1,0,31,0,0,50,0,1,4,1,1,0,31,12,"(16.336, 32.252]",1,"(-0.512, 128.082]",3
868,0,3,0,27,0,0,9,0,1,3,1,1,0,84,3,,1,"(-0.512, 128.082]",1
869,1,3,0,4,1,1,11,0,4,3,3,0,2,12,3,"(0.34, 16.336]",0,"(-0.512, 128.082]",1
870,0,3,0,26,0,0,7,0,1,2,1,1,0,78,3,"(16.336, 32.252]",1,"(-0.512, 128.082]",0
871,1,1,1,47,1,1,52,0,3,5,3,0,2,47,10,"(32.252, 48.168]",2,"(-0.512, 128.082]",3
872,0,1,0,33,0,0,5,0,1,3,1,1,0,33,1,"(32.252, 48.168]",2,"(-0.512, 128.082]",0
873,0,3,0,47,0,0,9,0,1,3,1,1,0,141,3,"(32.252, 48.168]",2,"(-0.512, 128.082]",1
874,1,2,1,28,1,0,24,1,3,4,2,0,1,56,6,"(16.336, 32.252]",1,"(-0.512, 128.082]",2
875,1,3,1,15,0,0,7,1,2,4,1,1,0,45,1,"(0.34, 16.336]",0,"(-0.512, 128.082]",0
876,0,3,0,20,0,0,9,0,1,3,1,1,0,60,3,"(16.336, 32.252]",1,"(-0.512, 128.082]",1
877,0,3,0,19,0,0,7,0,1,2,1,1,0,57,3,"(16.336, 32.252]",1,"(-0.512, 128.082]",0
878,0,3,0,26,0,0,7,0,1,2,1,1,0,81,3,,1,"(-0.512, 128.082]",0
879,1,1,1,56,0,1,83,1,3,6,2,0,1,56,13,"(48.168, 64.084]",3,"(-0.512, 128.082]",3
880,1,2,1,25,0,1,26,0,3,5,2,0,1,50,5,"(16.336, 32.252]",1,"(-0.512, 128.082]",2
881,0,3,0,33,0,0,7,0,1,2,1,1,0,99,3,"(32.252, 48.168]",2,"(-0.512, 128.082]",0
882,0,3,1,22,0,0,10,0,2,3,1,1,0,66,3,"(16.336, 32.252]",1,"(-0.512, 128.082]",1
883,0,2,0,28,0,0,10,0,1,3,1,1,0,56,3,"(16.336, 32.252]",1,"(-0.512, 128.082]",1
884,0,3,0,25,0,0,7,0,1,3,1,1,0,75,2,"(16.336, 32.252]",1,"(-0.512, 128.082]",0
885,0,3,1,39,0,5,29,2,3,4,6,0,5,117,7,"(32.252, 48.168]",2,"(-0.512, 128.082]",2
886,0,2,0,27,0,0,13,0,5,2,1,1,0,54,6,"(16.336, 32.252]",1,"(-0.512, 128.082]",1
887,1,1,1,19,0,0,30,0,2,3,1,1,0,19,10,"(16.336, 32.252]",1,"(-0.512, 128.082]",2
888,0,3,1,22,1,2,23,0,2,4,4,0,3,73,5,,1,"(-0.512, 128.082]",2
889,1,1,0,26,0,0,30,1,1,3,1,1,0,26,10,"(16.336, 32.252]",1,"(-0.512, 128.082]",2
890,0,3,0,32,0,0,7,2,1,2,1,1,0,96,3,"(16.336, 32.252]",1,"(-0.512, 128.082]",0
